user_profile_id,top_1_correct,top_3_overlap,top_5_overlap,top_10_overlap,ndcg_at_5,ndcg_at_10,reciprocal_rank
11,1,0.333333,0.4,0.9,0.974906,0.992187,1.0
24,0,0.333333,0.8,0.9,0.99289,0.995688,0.2
26,1,0.666667,1.0,0.7,0.997789,0.992476,1.0
31,1,0.666667,0.6,0.8,0.992886,0.994944,1.0
40,1,0.333333,0.6,0.9,0.99245,0.993027,1.0
45,1,0.666667,0.6,0.7,0.986858,0.992845,1.0
55,1,0.666667,1.0,1.0,0.999629,0.999164,1.0
56,1,0.666667,0.6,1.0,0.988555,0.997112,1.0
60,0,0.666667,0.8,0.7,0.996703,0.990502,0.5
61,1,1.0,0.8,1.0,0.999058,0.999188,1.0
64,1,0.333333,0.8,0.8,0.986098,0.993158,1.0
67,1,0.333333,0.4,0.9,0.972654,0.991,1.0
68,1,0.666667,1.0,0.8,0.998906,0.989765,1.0
71,1,0.333333,0.8,0.9,0.987335,0.994441,1.0
73,1,1.0,1.0,0.9,0.99844,0.995325,1.0
77,1,0.666667,1.0,0.7,0.996554,0.980397,1.0
79,1,0.666667,1.0,0.9,0.998361,0.997517,1.0
87,1,1.0,1.0,0.8,0.999247,0.996114,1.0
89,0,0.666667,0.6,0.8,0.981151,0.984657,0.5
97,0,1.0,0.8,0.7,0.98928,0.987819,0.333333
102,1,1.0,0.6,0.8,0.996433,0.993861,1.0
108,1,1.0,0.6,0.8,0.992842,0.986416,1.0
111,1,0.666667,0.4,0.7,0.946221,0.978826,1.0
121,1,1.0,0.8,0.9,0.999716,0.99467,1.0
137,0,1.0,0.8,0.7,0.992886,0.988245,0.333333
138,1,0.333333,0.8,0.9,0.987699,0.988886,1.0
140,0,0.333333,0.6,0.7,0.984739,0.985269,0.142857
159,1,0.333333,0.8,0.9,0.987937,0.991249,1.0
169,0,0.0,0.4,0.6,0.953628,0.96101,0.25
175,1,1.0,0.8,0.9,0.999768,0.994616,1.0
185,0,0.333333,0.8,0.9,0.979791,0.985314,0.2
199,1,1.0,1.0,0.9,0.997956,0.997077,1.0
200,0,0.666667,1.0,0.9,0.993463,0.994098,0.333333
209,1,0.666667,0.6,0.8,0.98866,0.983812,1.0
210,0,0.666667,1.0,0.9,0.998694,0.998889,0.5
211,0,1.0,0.8,0.7,0.997793,0.988407,0.5
214,1,0.666667,1.0,0.8,0.999532,0.994106,1.0
216,1,0.666667,0.6,1.0,0.987534,0.996324,1.0
219,1,0.666667,0.8,0.9,0.996251,0.992679,1.0
222,1,1.0,0.8,0.7,0.991418,0.991579,1.0
236,1,0.666667,0.8,0.7,0.985729,0.990715,1.0
238,1,0.666667,0.8,0.9,0.993182,0.996609,1.0
245,1,0.333333,0.6,0.8,0.975726,0.98705,1.0
248,0,0.333333,0.6,1.0,0.975653,0.992008,0.5
255,1,1.0,0.8,0.8,0.998226,0.99345,1.0
257,1,0.666667,0.6,0.9,0.992827,0.994908,1.0
260,1,0.333333,0.4,0.6,0.964085,0.970833,1.0
261,1,0.333333,0.6,0.8,0.979268,0.989245,1.0
262,1,1.0,0.8,0.8,0.994778,0.990569,1.0
266,1,0.666667,0.8,1.0,0.992284,0.998052,1.0
276,1,0.666667,0.8,0.7,0.995317,0.993845,1.0
278,0,0.666667,1.0,0.9,0.998175,0.997694,0.333333
281,1,0.666667,1.0,0.9,0.99971,0.999599,1.0
282,1,0.666667,1.0,0.9,0.996663,0.994789,1.0
290,0,0.666667,1.0,0.9,0.997787,0.997762,1.0
293,1,0.666667,1.0,0.7,0.998334,0.987662,1.0
295,0,0.333333,0.6,0.7,0.990732,0.988375,0.5
297,1,0.666667,1.0,0.8,0.996244,0.992977,1.0
299,0,0.666667,0.6,0.8,0.988526,0.993928,0.5
300,1,1.0,1.0,0.8,0.997415,0.99415,1.0
308,1,1.0,1.0,0.7,1.0,0.991224,1.0
310,1,1.0,0.8,0.9,0.998921,0.998674,1.0
311,1,0.666667,1.0,0.9,0.997689,0.996121,1.0
313,1,0.666667,1.0,0.9,0.999825,0.996241,1.0
315,0,0.333333,0.8,0.9,0.990481,0.99313,0.5
319,1,1.0,0.8,0.8,0.99905,0.995138,1.0
320,1,0.666667,0.8,0.9,0.994025,0.994686,1.0
322,0,0.666667,0.8,1.0,0.976245,0.992587,0.166667
328,1,0.666667,1.0,0.9,0.998962,0.998236,1.0
329,1,0.666667,0.8,0.9,0.982579,0.995498,1.0
333,0,0.666667,0.8,0.9,0.981347,0.983393,0.5
347,1,0.666667,0.8,0.8,0.9968,0.993269,1.0
352,0,0.666667,0.8,0.9,0.992261,0.991894,0.25
356,1,0.666667,0.6,0.9,0.987326,0.995795,1.0
362,1,0.666667,0.8,0.7,0.988125,0.992472,1.0
364,0,1.0,0.8,0.8,0.992362,0.993857,0.5
366,1,0.333333,0.2,0.9,0.974872,0.988378,1.0
371,1,0.333333,1.0,1.0,0.994826,0.9961,1.0
372,0,1.0,0.8,0.7,0.993645,0.991982,0.5
378,1,0.666667,0.6,0.9,0.993153,0.99361,1.0
383,1,0.666667,0.8,0.8,0.997765,0.99449,1.0
409,0,0.666667,0.8,0.8,0.983919,0.978752,0.5
412,0,1.0,0.8,0.8,0.992775,0.991626,0.333333
426,1,0.666667,1.0,0.9,0.998768,0.996153,1.0
430,1,1.0,0.8,0.9,0.998808,0.997106,1.0
433,1,1.0,1.0,1.0,1.0,0.999443,1.0
437,1,1.0,1.0,0.8,1.0,0.998098,1.0
440,0,1.0,1.0,0.8,0.998443,0.9938,0.5
446,1,0.666667,1.0,0.9,0.997927,0.997804,1.0
452,1,0.333333,0.4,0.7,0.974034,0.984754,1.0
463,1,1.0,0.6,0.6,0.98347,0.986109,1.0
480,0,0.666667,1.0,0.8,0.990021,0.991161,0.2
487,1,1.0,0.6,0.9,0.989315,0.997004,1.0
494,0,0.666667,1.0,0.8,0.997578,0.996379,0.333333
495,1,0.666667,0.8,0.9,0.992321,0.996972,1.0
500,1,1.0,1.0,0.8,0.996536,0.992493,1.0
514,0,0.333333,0.8,0.9,0.979164,0.986963,0.25
522,0,1.0,0.8,0.7,0.989325,0.990467,0.333333
523,1,0.666667,0.6,0.6,0.972142,0.971697,1.0
527,1,0.666667,1.0,0.8,0.996891,0.99048,1.0
528,0,0.666667,0.6,0.7,0.983267,0.985243,0.166667
529,1,0.666667,0.8,1.0,0.988681,0.996509,1.0
530,0,1.0,1.0,0.7,0.99825,0.993544,0.5
535,0,0.666667,1.0,0.8,0.997032,0.995395,0.5
543,0,0.666667,0.8,0.7,0.991891,0.986274,0.333333
544,1,0.333333,0.2,0.5,0.965498,0.977819,1.0
549,1,0.666667,1.0,0.9,0.999078,0.995634,1.0
550,1,1.0,1.0,0.8,1.0,0.996905,1.0
555,1,0.666667,0.8,0.9,0.990739,0.996227,1.0
560,1,1.0,0.8,0.9,0.998096,0.998457,1.0
571,1,0.666667,0.8,0.7,0.99396,0.994537,1.0
579,1,0.666667,1.0,0.8,0.998909,0.993041,1.0
584,1,0.666667,0.6,0.9,0.9875,0.993975,1.0
585,1,1.0,1.0,0.9,0.999708,0.998003,1.0
590,0,0.666667,0.8,0.8,0.989058,0.98764,0.5
591,1,0.666667,0.8,0.7,0.995873,0.993988,1.0
596,1,0.333333,0.8,0.8,0.990012,0.993015,1.0
600,1,1.0,1.0,0.8,0.999587,0.993474,1.0
602,1,1.0,0.8,0.9,0.99654,0.994259,1.0
605,0,0.666667,1.0,0.8,0.993462,0.990559,0.5
614,1,0.666667,1.0,0.9,0.999126,0.99842,1.0
618,1,0.333333,0.6,0.9,0.994071,0.995838,1.0
622,1,1.0,1.0,0.8,1.0,0.996177,1.0
627,1,0.666667,0.8,0.9,0.997779,0.998342,1.0
636,1,0.666667,1.0,0.9,0.999125,0.997814,1.0
637,1,0.666667,0.6,0.9,0.987189,0.994981,1.0
644,1,0.333333,0.8,0.9,0.997702,0.996395,1.0
645,1,0.666667,0.8,0.8,0.995629,0.995568,1.0
650,1,1.0,1.0,0.8,0.999851,0.996325,1.0
651,0,1.0,0.8,0.8,0.99269,0.988641,0.5
653,1,0.666667,0.6,0.9,0.995594,0.997011,1.0
657,1,0.666667,1.0,0.8,0.998273,0.996312,1.0
661,1,0.333333,0.6,0.9,0.986348,0.99428,1.0
663,1,1.0,0.8,0.8,0.98757,0.992068,1.0
669,1,0.666667,0.6,0.8,0.989287,0.993458,1.0
671,1,0.333333,0.6,0.8,0.967591,0.985201,1.0
678,1,0.333333,0.4,0.7,0.960391,0.977229,1.0
679,1,1.0,0.8,0.7,0.998037,0.991243,1.0
680,0,0.666667,0.8,1.0,0.993024,0.996641,0.5
688,0,1.0,0.8,0.7,0.993697,0.984222,0.333333
690,0,0.666667,0.6,0.8,0.975285,0.983429,0.333333
693,0,0.666667,0.8,0.8,0.988224,0.989187,0.2
698,1,0.333333,0.4,0.8,0.985123,0.992722,1.0
714,1,0.666667,1.0,0.8,0.999,0.996606,1.0
715,1,0.666667,1.0,0.8,0.999292,0.995695,1.0
717,0,0.0,0.6,0.6,0.967258,0.975111,0.142857
722,1,1.0,0.6,0.7,0.985445,0.99169,1.0
738,1,0.666667,0.8,0.9,0.996075,0.995689,1.0
741,0,0.666667,0.8,0.8,0.981071,0.982327,0.5
742,0,0.666667,1.0,0.9,0.987839,0.990682,0.2
750,1,0.666667,1.0,0.8,0.998306,0.995731,1.0
754,0,1.0,0.8,0.9,0.994606,0.994189,0.5
762,1,0.666667,0.6,0.6,0.989961,0.982829,1.0
765,1,0.666667,1.0,0.8,0.999093,0.994746,1.0
768,1,0.666667,1.0,0.8,0.999705,0.997136,1.0
788,1,1.0,0.8,1.0,0.998585,0.999557,1.0
801,1,0.666667,0.8,0.8,0.999173,0.995605,1.0
803,0,0.333333,0.8,0.8,0.988167,0.988944,0.5
811,1,1.0,0.8,0.9,0.992624,0.995828,1.0
812,0,0.333333,1.0,0.8,0.988259,0.987844,0.2
817,0,1.0,1.0,0.8,0.989391,0.980239,0.5
821,0,0.666667,0.6,0.9,0.992141,0.991805,0.5
823,1,0.666667,0.6,0.7,0.991815,0.990115,1.0
824,1,0.666667,1.0,1.0,0.999428,0.999476,1.0
827,0,0.666667,0.8,0.9,0.982436,0.984995,0.5
830,1,0.666667,0.6,0.9,0.991568,0.997312,1.0
838,1,0.666667,0.8,0.9,0.994408,0.997244,1.0
846,1,0.666667,0.8,0.9,0.995952,0.995852,1.0
850,1,0.666667,0.8,0.8,0.98829,0.992218,1.0
860,1,0.666667,0.8,0.9,0.994614,0.99644,1.0
866,0,0.666667,0.6,0.8,0.98593,0.987492,0.25
867,1,0.666667,0.8,0.7,0.990372,0.989568,1.0
868,1,1.0,0.8,0.6,0.988566,0.98945,1.0
880,0,1.0,0.8,0.9,0.982417,0.989343,0.5
884,1,0.666667,0.6,0.9,0.988521,0.99476,1.0
885,1,0.666667,0.6,0.9,0.982973,0.995966,1.0
893,0,0.333333,0.8,0.9,0.970347,0.983206,0.5
894,0,1.0,0.8,0.5,0.989347,0.982859,0.5
900,1,0.666667,0.8,0.9,0.998252,0.994728,1.0
902,1,0.666667,1.0,0.9,0.999212,0.997311,1.0
903,0,1.0,1.0,1.0,0.997141,0.997939,0.5
915,1,0.666667,0.8,0.9,0.989111,0.994902,1.0
918,0,1.0,0.8,0.9,0.991158,0.993413,0.5
925,1,1.0,0.8,0.8,0.992897,0.996645,1.0
937,1,0.666667,0.8,1.0,0.996742,0.998656,1.0
939,1,1.0,1.0,1.0,0.998847,0.999194,1.0
942,1,0.666667,0.4,0.8,0.972298,0.9807,1.0
943,0,0.666667,0.8,0.9,0.996888,0.998305,0.5
948,1,0.333333,0.2,0.7,0.964788,0.979425,1.0
949,0,1.0,0.8,0.8,0.998515,0.996654,0.5
960,1,0.333333,0.4,1.0,0.970199,0.991177,1.0
974,0,0.666667,1.0,0.8,0.996299,0.987051,0.5
975,1,0.666667,1.0,0.8,0.999108,0.99403,1.0
978,1,0.666667,0.8,0.9,0.994295,0.993186,1.0
979,0,0.666667,1.0,0.6,0.989478,0.981877,0.5
986,1,0.666667,1.0,0.9,0.999878,0.99502,1.0
987,0,0.333333,0.4,0.9,0.972297,0.983274,0.2
990,0,1.0,1.0,0.8,0.997614,0.992642,0.5
996,0,0.0,0.6,0.7,0.978232,0.975837,0.2
999,0,0.666667,0.8,0.8,0.983124,0.986658,0.5
