user_profile_id,history_interest,museum_interest,art_interest,architecture_interest,photography_interest,nature_interest,gastronomy_interest,shopping_interest,religious_interest,budget_level,max_entry_fee,free_place_preference,rainy_weather,hot_weather,tempo,preferred_visit_time,family_friendly_required
1,9,8,1,1,5,7,5,5,4,free,0,8,True,True,normal,any,True
2,3,9,6,6,0,6,8,5,10,low,7,7,False,False,fast,any,False
3,10,4,0,3,7,9,6,5,4,high,81,4,True,True,normal,evening,False
4,3,9,3,5,6,2,1,2,2,low,9,6,False,True,normal,any,False
5,2,6,6,7,1,7,6,2,10,low,8,10,False,False,normal,morning,False
6,1,1,9,5,10,4,3,2,1,high,52,4,False,False,slow,any,True
7,3,10,4,9,4,6,7,5,5,low,13,8,False,False,normal,any,True
8,0,6,9,6,8,1,2,6,8,medium,31,3,False,False,fast,morning,False
9,8,4,0,7,5,3,6,0,6,medium,19,4,False,False,fast,afternoon,False
10,6,5,5,1,5,2,3,5,9,medium,31,6,True,True,normal,afternoon,True
11,7,5,5,0,1,0,0,6,2,free,0,9,False,True,fast,night,False
12,6,3,1,7,0,5,3,9,3,medium,16,8,False,False,fast,evening,False
13,1,1,4,10,1,3,1,2,3,low,6,9,False,False,fast,evening,False
14,6,8,1,3,3,3,1,6,3,high,56,3,True,False,slow,evening,False
15,1,9,1,0,4,5,4,7,9,free,0,10,False,False,fast,afternoon,False
16,5,8,3,0,4,1,4,4,0,medium,28,8,False,False,slow,any,False
17,3,1,5,5,9,3,2,6,0,free,0,8,False,False,fast,any,True
18,2,1,3,6,4,9,4,6,5,medium,32,5,False,True,slow,any,False
19,2,4,8,5,2,1,5,9,10,low,5,6,False,False,fast,any,True
20,4,5,10,4,0,0,0,8,4,free,0,10,False,False,fast,morning,False
21,1,5,1,5,0,9,6,4,6,medium,34,8,True,False,slow,night,False
22,9,6,10,6,5,6,5,6,1,low,6,9,False,False,fast,sunset,False
23,0,5,1,10,2,2,6,0,9,low,13,9,False,False,normal,any,False
24,0,0,10,2,9,3,4,4,0,low,14,7,False,False,fast,night,False
25,0,5,2,9,5,7,5,2,9,medium,25,6,False,False,fast,evening,False
26,4,6,7,9,9,1,3,6,4,medium,25,6,False,False,normal,evening,False
27,4,9,7,6,6,1,5,2,8,medium,19,3,True,False,normal,evening,False
28,3,1,1,7,6,6,7,6,10,low,13,9,True,True,slow,morning,False
29,3,4,6,5,4,10,10,1,10,medium,22,8,False,False,normal,any,False
30,2,2,7,8,8,1,3,5,1,medium,17,6,False,False,normal,any,False
31,7,2,2,10,6,6,10,4,5,medium,34,4,False,True,normal,morning,False
32,1,4,7,3,4,4,5,7,0,medium,19,6,True,True,normal,morning,False
33,2,6,0,3,7,5,7,2,1,medium,35,3,False,False,fast,any,True
34,5,0,4,1,3,5,2,9,1,medium,18,4,False,True,fast,any,False
35,0,4,5,8,0,5,9,6,5,medium,18,7,False,False,normal,morning,False
36,10,0,3,2,5,6,10,5,1,medium,31,8,False,False,normal,morning,False
37,1,6,0,2,10,8,10,4,4,medium,25,3,False,False,normal,morning,False
38,8,0,1,5,10,3,4,6,1,medium,35,8,False,False,fast,any,False
39,4,4,2,3,5,9,2,10,2,low,8,6,False,False,normal,night,False
40,5,3,2,9,0,6,1,2,1,low,9,6,False,True,fast,any,False
41,0,6,0,4,2,3,3,10,2,low,5,8,False,False,slow,morning,True
42,9,7,8,0,4,6,3,4,4,medium,22,7,False,False,normal,afternoon,False
43,8,8,2,5,0,1,8,1,4,free,0,9,False,False,normal,any,False
44,1,9,6,6,5,8,3,7,4,low,7,8,False,True,fast,any,False
45,10,5,2,5,10,2,4,10,3,free,0,9,False,False,fast,any,False
46,7,6,6,1,10,4,5,10,2,low,14,9,False,False,fast,any,False
47,3,10,9,5,3,6,6,7,3,free,0,9,True,False,slow,sunset,True
48,8,4,2,4,6,3,10,7,1,low,7,8,False,False,fast,night,False
49,2,4,7,4,3,0,1,6,0,medium,18,8,False,False,normal,afternoon,False
50,3,4,1,10,1,4,4,8,6,free,0,9,False,False,slow,any,False
51,4,3,9,9,4,6,4,10,3,high,59,5,False,False,slow,morning,False
52,5,6,6,5,1,3,7,1,9,high,91,0,False,False,normal,morning,False
53,3,9,2,4,5,3,5,0,6,low,15,10,False,False,normal,evening,False
54,1,9,1,5,0,3,0,6,5,medium,18,6,True,True,fast,any,True
55,1,1,4,3,4,8,8,1,0,medium,27,7,False,False,normal,any,False
56,10,2,5,4,8,0,3,2,4,low,11,8,False,False,slow,sunset,True
57,5,2,0,6,10,9,0,4,6,medium,16,7,False,False,slow,evening,True
58,4,2,5,8,5,0,5,5,7,low,12,6,False,False,fast,any,False
59,1,6,4,9,4,4,2,6,1,low,12,8,False,False,fast,night,True
60,6,6,4,2,0,6,10,0,2,medium,29,5,False,False,normal,sunset,False
61,3,0,4,9,4,1,5,0,5,medium,24,8,False,True,slow,any,False
62,4,1,3,10,2,5,5,5,4,medium,19,6,False,False,normal,night,False
63,3,1,6,9,0,9,4,9,0,low,8,6,False,False,fast,any,False
64,9,1,1,6,4,1,0,6,6,medium,33,4,False,True,slow,evening,False
65,4,2,8,0,5,6,0,1,7,low,8,10,False,True,fast,evening,False
66,6,9,4,7,3,4,1,7,5,medium,31,5,False,False,fast,morning,False
67,3,7,0,2,4,8,0,8,2,medium,33,7,False,False,normal,any,False
68,6,8,3,3,1,3,2,6,10,low,6,8,False,False,normal,any,False
69,6,7,0,3,0,5,5,2,6,low,5,10,False,False,normal,morning,False
70,9,2,0,4,8,1,5,3,1,medium,26,7,False,False,normal,sunset,False
71,9,0,1,2,9,2,2,0,8,high,86,0,True,False,fast,evening,True
72,1,2,2,5,2,7,0,8,1,medium,16,8,True,False,normal,afternoon,False
73,0,2,3,0,2,5,5,4,10,medium,24,3,False,False,fast,any,False
74,2,2,0,0,10,5,3,1,1,low,8,10,False,False,normal,morning,False
75,7,6,2,4,3,4,3,10,2,low,5,8,True,False,normal,evening,False
76,3,10,4,7,3,6,2,5,2,low,7,6,False,True,normal,sunset,False
77,8,2,8,8,4,1,6,6,5,free,0,9,False,False,normal,night,False
78,3,7,3,3,5,9,6,2,7,low,6,8,False,True,normal,any,False
79,3,3,4,4,6,5,0,3,8,low,12,10,True,True,fast,sunset,False
80,8,10,10,4,4,4,1,2,2,high,84,3,False,False,fast,afternoon,False
81,2,9,5,6,5,4,8,2,0,medium,19,5,False,False,normal,any,False
82,4,3,5,6,9,6,1,5,5,medium,31,3,False,False,normal,morning,True
83,6,3,1,1,1,8,0,2,6,medium,31,7,False,False,fast,any,False
84,1,1,1,6,5,6,8,5,3,free,0,10,False,False,normal,evening,False
85,1,2,6,6,3,6,1,2,10,medium,24,6,False,False,fast,any,False
86,9,4,0,5,6,4,6,7,2,free,0,9,False,False,slow,any,False
87,10,0,3,4,2,8,3,0,2,low,10,6,False,False,slow,any,False
88,3,4,7,0,0,2,1,8,4,high,89,0,False,True,fast,any,False
89,10,7,5,4,4,1,5,8,2,medium,34,5,False,False,normal,any,False
90,4,4,6,4,4,0,3,6,10,free,0,9,False,True,slow,any,False
91,0,9,4,2,6,8,6,6,10,high,96,5,True,True,normal,night,True
92,8,0,2,2,4,3,6,4,3,low,15,7,False,False,fast,evening,False
93,5,3,3,2,1,3,10,2,9,medium,28,3,False,False,fast,any,True
94,3,4,5,3,8,5,3,2,10,free,0,10,False,True,slow,night,True
95,6,5,5,1,7,8,10,0,1,free,0,9,False,False,normal,evening,False
96,4,8,4,2,3,2,5,9,1,high,38,5,True,False,slow,any,False
97,2,5,3,8,7,1,6,7,3,low,12,6,False,False,slow,evening,False
98,6,1,8,6,9,4,1,0,8,medium,22,6,True,False,normal,sunset,False
99,3,10,10,6,3,6,4,0,8,high,44,3,False,False,fast,sunset,False
100,4,6,7,7,4,1,2,1,8,low,8,8,False,False,normal,any,True
101,2,4,7,4,8,8,1,5,4,medium,34,5,False,False,slow,any,True
102,4,3,4,7,10,5,9,5,2,medium,27,5,False,False,fast,morning,False
103,6,5,9,5,6,9,3,1,6,low,13,6,False,False,normal,any,True
104,1,6,1,6,2,4,9,1,8,medium,31,6,False,False,fast,night,False
105,4,2,0,7,2,3,4,6,5,medium,24,7,True,True,fast,any,False
106,10,0,4,4,1,9,4,2,0,low,12,10,False,False,normal,any,False
107,4,2,6,1,1,10,4,0,7,free,0,9,False,True,slow,any,False
108,4,5,9,4,2,4,10,5,4,low,5,8,False,True,normal,any,False
109,8,5,7,4,3,1,4,10,1,medium,22,3,False,False,fast,morning,False
110,4,6,4,10,6,6,7,5,1,medium,32,5,False,False,normal,night,False
111,6,6,5,5,5,9,4,10,8,high,70,4,False,False,slow,evening,False
112,2,4,6,9,2,7,4,10,3,medium,19,5,True,False,fast,night,False
113,6,9,4,9,1,0,4,8,1,free,0,10,False,True,normal,morning,False
114,8,3,5,3,3,5,1,6,2,low,15,6,False,True,normal,afternoon,False
115,3,6,8,0,6,3,6,3,1,high,72,0,True,False,fast,night,False
116,6,10,2,1,6,0,2,8,10,medium,20,3,False,False,normal,evening,True
117,2,0,3,5,7,1,8,3,9,high,35,2,False,False,normal,any,False
118,9,5,1,0,7,10,2,1,3,medium,24,8,True,False,normal,afternoon,True
119,1,3,5,4,2,3,5,10,6,medium,21,4,False,False,slow,afternoon,False
120,0,8,4,4,1,1,2,6,10,low,8,10,False,False,normal,any,True
121,10,5,6,2,5,0,3,9,6,free,0,10,True,False,normal,afternoon,True
122,0,2,3,1,6,1,6,10,2,high,83,3,False,False,normal,evening,False
123,8,4,10,4,1,8,6,0,6,free,0,9,False,False,normal,sunset,True
124,1,5,7,0,10,4,6,0,1,low,6,10,True,False,normal,any,False
125,4,1,6,7,1,4,2,8,6,high,75,4,False,False,normal,any,True
126,2,2,0,8,5,5,3,10,7,high,83,6,False,False,normal,any,True
127,1,2,6,8,6,3,7,10,3,medium,19,6,False,True,normal,night,False
128,5,6,1,0,2,3,5,4,7,high,59,6,False,False,normal,morning,False
129,8,1,5,0,10,1,5,4,5,low,8,10,False,True,normal,afternoon,False
130,3,0,6,5,3,6,6,9,8,low,11,6,False,True,fast,any,False
131,1,9,1,3,8,3,9,2,6,medium,35,8,False,True,slow,any,False
132,7,6,7,6,5,0,6,0,3,low,15,7,True,True,fast,morning,True
133,7,4,4,3,0,0,4,9,9,free,0,8,True,True,fast,any,False
134,0,2,3,3,8,5,8,2,5,medium,17,8,False,False,fast,morning,False
135,8,0,3,6,3,5,6,2,7,high,40,1,False,False,slow,morning,True
136,4,4,5,0,8,6,2,0,1,medium,27,3,False,False,normal,sunset,False
137,5,1,6,5,5,7,9,7,0,medium,17,5,False,False,normal,night,False
138,1,2,4,10,10,1,5,10,0,medium,24,4,False,True,fast,evening,False
139,0,0,7,2,3,9,9,0,1,free,0,9,False,False,fast,any,False
140,9,3,3,6,0,8,8,5,3,low,9,8,False,True,fast,any,False
141,2,1,5,5,3,8,3,0,1,low,11,8,False,False,slow,morning,False
142,4,5,8,3,9,1,3,2,9,medium,35,6,False,False,normal,any,False
143,4,8,5,7,5,3,5,1,3,medium,17,6,False,True,normal,any,True
144,3,10,4,3,4,4,10,4,0,medium,26,8,False,False,normal,any,False
145,4,0,10,6,2,10,0,0,7,low,13,10,False,False,fast,morning,False
146,0,3,7,2,3,0,0,8,9,low,12,7,False,False,fast,evening,False
147,0,6,5,0,7,6,2,5,0,medium,20,8,False,True,fast,afternoon,False
148,5,1,1,5,5,3,10,0,5,medium,21,6,False,False,normal,any,False
149,6,8,2,2,1,3,0,2,5,high,75,4,False,False,fast,morning,False
150,4,4,0,5,8,2,0,1,2,low,10,7,False,False,fast,morning,True
151,1,3,9,1,8,2,6,3,7,high,36,3,True,False,slow,afternoon,False
152,6,3,3,1,0,7,8,9,0,low,13,8,True,False,normal,evening,False
153,2,9,4,6,6,0,6,5,3,medium,28,3,False,False,fast,sunset,True
154,3,7,6,6,1,8,6,5,4,medium,34,8,False,False,slow,sunset,False
155,4,1,2,5,9,9,4,9,6,medium,18,4,False,False,slow,night,False
156,1,1,9,6,1,6,6,5,3,medium,33,8,False,False,normal,afternoon,False
157,4,5,2,5,2,3,10,2,4,free,0,10,False,False,normal,sunset,False
158,6,1,3,9,2,6,9,2,4,medium,33,6,False,False,slow,any,False
159,8,10,3,0,3,1,5,1,5,low,9,6,False,True,normal,sunset,True
160,3,5,0,7,7,1,3,0,1,medium,31,8,False,True,normal,any,False
161,8,3,7,5,6,0,0,9,2,high,52,3,False,False,fast,night,True
162,9,5,8,8,3,4,5,3,6,low,6,7,False,False,normal,night,False
163,2,5,0,8,4,4,4,5,4,low,5,8,False,False,fast,morning,False
164,3,0,1,3,5,4,0,7,2,high,51,3,False,False,normal,evening,False
165,7,0,2,1,0,0,6,3,4,low,13,9,False,False,normal,afternoon,True
166,0,4,1,6,8,4,2,3,4,medium,35,8,False,False,normal,night,True
167,3,7,3,4,4,0,2,5,5,medium,20,3,True,True,fast,morning,False
168,1,5,9,5,7,6,0,9,6,medium,31,3,False,False,normal,morning,False
169,6,4,1,2,1,2,6,7,4,medium,18,4,False,True,slow,any,True
170,1,6,7,4,6,5,10,1,2,low,10,8,False,False,fast,evening,True
171,0,3,0,3,6,2,6,6,9,low,13,9,True,True,normal,any,False
172,6,6,1,5,4,8,1,7,3,free,0,10,False,False,slow,any,False
173,4,8,3,3,7,1,5,9,0,free,0,10,False,False,normal,evening,False
174,7,3,8,1,2,2,9,6,3,medium,25,5,False,True,slow,any,False
175,0,1,10,3,2,3,0,4,2,high,61,3,False,True,fast,any,False
176,9,1,0,8,2,3,7,5,2,low,7,6,False,False,normal,afternoon,True
177,0,0,7,6,6,1,1,1,6,medium,35,8,True,False,slow,any,False
178,6,1,0,6,6,6,2,7,0,high,41,1,False,False,normal,morning,False
179,1,1,9,2,3,8,0,4,4,medium,35,5,False,False,normal,any,False
180,5,6,4,7,3,6,5,2,10,medium,30,5,False,False,normal,any,False
181,9,0,6,3,4,2,6,4,1,high,47,1,False,True,slow,sunset,True
182,2,6,6,1,1,1,9,6,5,medium,33,3,False,False,normal,any,False
183,1,3,0,0,7,1,4,1,7,medium,15,5,False,True,fast,evening,False
184,8,4,5,1,6,0,6,4,9,high,82,5,False,False,fast,any,True
185,6,5,3,5,2,1,9,1,5,medium,20,6,False,False,fast,evening,False
186,9,8,5,4,0,3,8,2,5,free,0,9,True,False,fast,evening,False
187,9,1,1,5,0,2,2,7,5,free,0,9,False,False,slow,morning,False
188,3,8,1,3,0,6,7,2,7,low,6,6,False,False,fast,any,False
189,4,4,3,5,0,10,5,1,4,high,55,0,True,True,fast,evening,False
190,2,2,1,0,7,10,4,4,10,low,10,6,False,True,normal,afternoon,True
191,1,5,2,7,3,6,0,2,6,low,12,8,True,False,fast,sunset,False
192,10,3,2,1,9,4,0,1,6,medium,18,3,False,False,normal,evening,True
193,6,4,3,4,5,6,10,4,1,medium,17,6,False,False,normal,sunset,False
194,3,8,8,1,6,1,8,0,3,free,0,8,False,False,slow,any,False
195,3,10,4,2,6,2,4,3,6,free,0,8,False,True,normal,evening,False
196,6,9,6,4,2,3,2,3,5,medium,34,6,True,True,fast,afternoon,False
197,2,5,1,0,5,3,9,2,0,low,9,8,False,False,normal,any,False
198,5,3,6,6,9,2,5,3,4,medium,21,6,False,False,normal,evening,False
199,6,1,0,2,5,4,3,1,7,low,8,6,False,False,slow,evening,False
200,5,0,5,0,1,2,10,4,10,low,12,10,False,False,slow,any,False
201,0,3,0,1,8,6,1,5,1,medium,23,8,False,True,slow,evening,True
202,4,6,7,1,2,4,6,2,5,high,70,3,False,False,normal,any,False
203,9,9,2,5,0,3,7,2,2,medium,23,5,False,False,normal,any,False
204,10,5,2,5,1,5,0,5,3,high,68,3,False,False,normal,night,False
205,5,2,4,9,6,1,6,8,2,free,0,10,False,False,slow,any,False
206,2,8,5,9,3,6,2,2,2,medium,29,3,False,False,normal,night,True
207,0,6,5,3,4,2,3,0,8,low,8,8,False,False,slow,morning,False
208,2,8,9,7,0,3,2,1,6,medium,33,4,False,False,fast,afternoon,False
209,3,0,0,4,1,5,9,7,2,medium,31,4,True,True,normal,any,False
210,3,9,8,0,6,0,2,2,3,medium,34,7,False,False,slow,any,False
211,6,3,7,8,1,5,1,1,5,free,0,8,False,False,fast,sunset,False
212,7,5,6,0,0,7,3,3,10,low,9,9,False,True,normal,any,False
213,2,4,4,5,1,3,6,0,7,low,6,9,True,True,normal,afternoon,True
214,0,10,1,5,10,2,8,0,0,medium,18,7,False,True,fast,afternoon,False
215,5,1,3,2,9,3,0,0,6,low,5,8,False,False,normal,any,False
216,8,5,5,1,2,2,3,4,2,high,46,2,False,True,normal,night,False
217,5,6,1,0,1,5,7,8,0,medium,33,6,False,False,fast,morning,False
218,3,3,7,3,3,0,0,2,5,low,15,10,False,False,normal,night,False
219,3,8,3,2,5,5,5,3,8,medium,32,7,True,False,fast,sunset,False
220,6,10,2,1,2,2,0,4,1,medium,27,6,False,True,normal,afternoon,True
221,0,3,5,5,0,7,3,10,0,medium,15,3,False,False,normal,sunset,False
222,6,0,8,6,3,9,4,10,5,medium,29,3,True,False,fast,morning,False
223,5,0,0,1,3,8,6,5,10,low,14,7,True,False,normal,morning,False
224,3,7,5,6,5,7,10,3,5,medium,31,4,False,True,normal,afternoon,False
225,4,1,8,0,3,9,4,10,3,high,66,2,False,False,normal,sunset,True
226,5,4,6,2,8,1,8,4,9,medium,19,8,False,False,normal,evening,False
227,4,3,4,4,5,10,5,5,6,medium,28,3,False,True,fast,evening,True
228,5,2,1,6,7,5,6,2,1,medium,16,5,False,True,slow,evening,False
229,4,9,5,5,0,3,10,3,9,high,41,0,False,True,slow,sunset,False
230,6,4,4,5,4,8,6,5,1,low,7,6,True,True,normal,morning,False
231,4,9,7,2,10,5,1,0,1,high,41,6,False,False,normal,morning,False
232,4,8,1,4,0,8,3,4,4,medium,26,4,False,False,normal,any,False
233,6,6,5,0,7,5,2,10,8,high,66,0,False,False,slow,night,False
234,9,4,6,4,10,3,0,2,8,low,6,6,True,False,normal,any,True
235,0,1,4,10,5,6,7,8,0,medium,25,3,True,True,slow,afternoon,False
236,3,3,3,5,10,3,2,0,3,medium,32,3,False,False,slow,afternoon,False
237,4,0,2,6,5,9,4,0,2,medium,29,6,False,False,normal,afternoon,True
238,5,1,2,5,9,0,4,6,8,low,5,10,False,False,slow,any,False
239,5,6,4,8,1,8,1,9,1,low,15,10,False,False,slow,night,False
240,0,9,0,1,10,9,2,1,5,medium,18,5,False,False,normal,morning,False
241,6,2,10,1,0,9,1,6,1,medium,35,6,False,False,normal,any,False
242,3,4,0,1,7,9,6,6,1,high,60,2,False,False,normal,sunset,False
243,8,0,4,2,4,4,10,8,2,low,14,8,True,False,fast,morning,True
244,6,4,8,3,1,1,4,4,5,high,53,5,False,False,fast,evening,True
245,0,5,1,9,3,10,3,0,0,high,76,0,False,False,slow,sunset,False
246,3,2,7,4,2,10,8,4,3,low,10,9,False,False,fast,sunset,False
247,4,9,1,1,1,1,2,4,5,medium,22,6,False,False,normal,morning,True
248,0,1,0,1,4,4,8,1,5,medium,33,4,True,True,fast,night,False
249,8,3,4,3,10,1,1,6,10,medium,33,4,False,False,fast,evening,False
250,3,8,0,7,1,4,6,10,6,low,6,7,False,False,fast,evening,False
251,3,8,4,4,6,0,6,5,5,medium,28,5,False,False,normal,night,False
252,3,8,2,3,6,8,6,0,2,medium,32,6,False,True,normal,any,False
253,8,5,6,2,3,9,7,1,3,medium,23,5,False,False,normal,any,False
254,4,6,4,3,1,2,10,2,2,medium,27,8,True,False,fast,any,False
255,1,10,6,2,6,4,4,5,5,medium,20,6,False,True,fast,any,False
256,2,8,2,0,4,0,5,3,10,medium,31,5,False,False,slow,sunset,False
257,9,1,0,8,4,1,5,0,2,low,5,7,True,True,normal,evening,False
258,0,5,5,0,0,4,2,5,9,low,9,7,False,True,slow,afternoon,False
259,4,7,4,2,2,0,6,4,9,high,67,5,False,False,normal,any,False
260,10,0,2,0,3,5,6,8,5,medium,25,6,False,False,fast,sunset,True
261,5,5,6,2,0,4,8,3,2,low,14,8,True,False,slow,any,False
262,6,2,1,8,1,6,1,6,4,low,6,6,False,False,normal,afternoon,False
263,9,3,9,3,1,6,4,9,3,low,14,7,True,False,normal,afternoon,False
264,0,5,10,2,5,0,0,8,3,medium,25,5,False,True,normal,any,False
265,3,10,1,3,5,9,2,6,10,low,7,10,True,False,fast,any,False
266,3,6,3,1,1,6,5,1,10,medium,20,6,False,False,slow,afternoon,False
267,4,6,4,0,10,0,5,1,7,low,9,9,False,True,normal,any,False
268,10,0,2,6,8,8,6,2,2,low,13,9,False,False,fast,afternoon,False
269,5,6,9,3,5,4,4,3,6,high,45,1,False,False,normal,evening,False
270,6,6,2,5,10,3,1,8,6,free,0,10,False,False,normal,any,False
271,3,7,0,6,3,4,6,0,0,low,7,6,False,False,normal,any,False
272,6,1,7,0,9,6,2,6,10,medium,32,5,False,True,slow,afternoon,False
273,2,3,4,1,7,3,9,2,3,low,9,6,True,False,slow,any,False
274,6,3,2,0,6,3,6,9,4,low,5,10,False,False,normal,morning,True
275,2,7,3,5,1,4,9,2,9,medium,17,4,True,True,normal,morning,False
276,0,1,0,7,1,7,2,2,1,medium,15,4,True,True,fast,morning,False
277,5,6,0,2,0,8,0,9,6,low,13,9,True,False,normal,morning,True
278,3,1,5,7,1,3,7,8,3,low,9,8,True,False,normal,afternoon,True
279,2,0,6,8,7,1,5,3,2,free,0,10,True,False,fast,any,False
280,6,0,8,1,3,7,5,4,2,high,42,0,False,True,normal,any,False
281,6,3,5,1,0,10,2,5,8,low,5,9,False,False,normal,morning,False
282,3,2,6,6,4,8,0,8,10,low,9,10,False,True,normal,morning,True
283,6,4,1,2,5,7,5,4,6,low,13,9,False,True,normal,morning,False
284,5,0,0,6,1,1,6,0,8,low,8,6,True,False,normal,morning,False
285,8,4,7,0,8,5,3,6,0,medium,35,3,False,False,slow,sunset,False
286,4,0,5,0,9,0,1,4,0,low,8,10,False,True,normal,afternoon,False
287,0,6,5,4,2,10,10,0,8,medium,32,6,False,False,normal,afternoon,False
288,6,2,3,6,5,10,6,5,9,medium,33,7,False,False,slow,any,False
289,7,2,4,0,4,1,9,0,2,high,62,6,False,False,slow,sunset,False
290,7,3,9,1,1,2,2,4,8,low,9,6,False,False,fast,any,False
291,6,5,7,4,5,2,0,10,0,medium,25,5,False,False,slow,any,False
292,9,4,0,2,4,4,8,2,8,low,15,9,False,False,normal,any,False
293,2,0,10,4,5,0,4,3,9,free,0,10,True,True,normal,morning,False
294,4,5,4,1,1,0,2,6,10,low,14,6,True,False,normal,any,False
295,9,10,4,1,10,0,6,1,1,medium,19,8,False,True,fast,night,False
296,7,2,3,3,0,9,1,5,4,low,13,10,False,False,normal,night,False
297,7,2,1,0,9,1,9,0,3,medium,15,3,False,True,slow,evening,False
298,6,5,3,1,10,4,5,0,2,medium,34,7,True,True,slow,afternoon,False
299,4,2,2,10,3,5,1,0,2,medium,26,8,False,False,slow,any,True
300,9,1,1,2,3,5,8,0,5,low,15,10,False,False,normal,afternoon,False
301,4,1,1,5,1,8,6,8,2,medium,31,4,False,False,slow,evening,False
302,0,4,4,5,0,8,2,6,1,medium,25,6,False,False,normal,sunset,False
303,1,0,8,1,7,6,9,4,4,medium,34,4,False,True,fast,evening,True
304,6,10,3,3,1,8,1,8,0,medium,15,5,False,True,normal,any,True
305,6,4,3,5,2,6,3,8,3,medium,16,7,False,False,normal,afternoon,False
306,7,3,3,6,7,1,4,4,10,high,40,4,False,False,slow,any,False
307,1,3,2,4,7,5,4,8,3,medium,29,3,False,True,slow,night,False
308,3,2,3,0,1,3,8,3,0,low,15,7,False,True,fast,morning,False
309,4,3,7,8,2,4,8,1,6,low,5,9,False,False,slow,any,True
310,0,4,6,9,0,3,3,6,3,medium,15,7,False,True,normal,morning,False
311,8,4,2,4,5,4,6,6,1,free,0,8,False,True,slow,evening,False
312,0,7,3,1,1,9,4,5,5,medium,33,7,True,False,normal,night,True
313,3,6,0,6,3,7,2,3,8,low,9,8,False,False,normal,afternoon,True
314,5,9,3,9,2,4,4,4,9,high,98,4,False,False,slow,sunset,True
315,7,0,3,7,5,6,1,6,4,high,87,0,False,False,normal,any,True
316,2,9,4,4,9,6,0,0,5,low,11,10,False,True,fast,any,False
317,0,5,1,3,1,5,10,9,10,medium,28,8,True,False,normal,evening,False
318,4,5,2,9,0,1,2,6,0,low,11,10,False,False,normal,afternoon,False
319,9,3,0,3,1,9,3,6,2,low,9,7,True,False,slow,sunset,False
320,4,1,1,2,3,5,6,9,6,low,6,10,False,True,normal,morning,False
321,7,7,9,3,0,0,4,6,5,medium,15,7,False,False,fast,any,False
322,0,2,1,1,2,7,0,7,8,medium,32,5,False,False,slow,afternoon,True
323,0,1,0,3,5,7,0,10,0,free,0,8,False,False,normal,evening,False
324,6,1,5,6,7,10,4,1,0,medium,29,3,False,False,normal,morning,True
325,6,4,9,2,3,1,5,5,2,medium,25,6,False,True,fast,morning,False
326,4,0,10,6,5,7,2,4,5,free,0,10,False,False,fast,any,True
327,2,8,6,5,4,3,10,4,6,low,8,7,False,True,slow,afternoon,False
328,0,6,3,1,9,10,0,7,5,medium,27,5,False,False,fast,sunset,False
329,8,3,9,3,4,10,1,1,5,high,73,4,False,False,slow,night,False
330,10,8,6,2,0,2,4,0,0,medium,26,3,False,False,fast,evening,False
331,3,3,4,1,5,1,10,1,8,medium,26,6,True,False,normal,any,True
332,5,3,10,1,0,1,5,6,3,high,89,4,True,False,normal,morning,False
333,4,0,4,3,6,5,8,5,4,low,13,10,False,False,normal,evening,True
334,5,9,10,4,0,4,4,0,1,medium,17,8,False,False,normal,any,False
335,3,4,3,4,5,2,3,9,6,low,7,6,False,False,normal,evening,False
336,0,5,9,6,7,2,3,7,1,medium,23,5,True,True,slow,any,True
337,5,3,9,6,1,2,6,5,1,medium,31,3,False,True,fast,night,True
338,1,5,3,5,5,1,8,4,9,free,0,8,True,False,normal,morning,False
339,5,3,3,9,1,10,7,2,6,medium,25,7,False,True,slow,afternoon,False
340,2,2,6,0,9,10,3,6,5,medium,33,4,False,False,slow,any,True
341,0,10,0,4,0,5,3,2,1,medium,23,4,True,False,fast,afternoon,False
342,5,7,0,6,4,1,3,5,6,high,58,0,False,True,normal,night,False
343,2,1,6,0,2,7,10,3,2,high,68,6,False,False,normal,night,False
344,0,1,4,6,3,1,4,7,3,medium,18,3,True,False,normal,morning,False
345,7,5,3,2,1,5,2,3,4,free,0,9,False,False,slow,evening,False
346,5,6,6,3,0,4,9,2,5,low,5,6,False,False,normal,sunset,False
347,4,0,10,8,2,5,3,0,5,medium,30,3,False,False,fast,any,True
348,0,6,4,9,3,4,6,10,7,free,0,9,False,True,fast,sunset,False
349,5,4,8,0,0,5,1,3,7,medium,34,3,False,False,fast,afternoon,False
350,4,1,6,4,0,6,6,7,0,medium,34,4,True,True,normal,sunset,False
351,5,8,2,6,6,8,6,0,4,low,6,6,False,False,fast,morning,True
352,8,0,6,6,5,4,3,6,1,free,0,8,True,True,fast,evening,False
353,1,1,9,4,3,3,1,8,4,medium,34,4,False,False,fast,sunset,False
354,8,0,4,7,4,2,6,6,4,medium,29,8,False,True,fast,evening,False
355,1,5,7,0,5,2,2,8,3,low,14,9,True,False,slow,any,False
356,0,8,5,3,4,4,2,3,8,medium,25,4,False,False,fast,evening,False
357,3,10,0,10,1,1,4,3,1,low,7,9,False,False,slow,any,True
358,7,10,3,3,8,6,2,1,2,medium,35,7,False,False,normal,any,False
359,3,6,3,9,7,5,3,8,1,low,14,7,False,False,fast,afternoon,True
360,10,5,6,4,0,3,4,3,3,medium,18,6,False,True,slow,evening,False
361,2,2,8,5,0,0,3,5,2,low,12,10,False,True,normal,evening,False
362,5,3,7,6,5,7,3,5,2,medium,24,6,False,False,normal,afternoon,True
363,0,9,0,0,3,9,3,7,2,low,15,10,False,False,slow,any,False
364,6,8,6,5,6,8,2,9,2,medium,28,5,True,False,normal,afternoon,False
365,3,4,2,6,7,1,3,0,7,low,7,8,False,True,fast,any,True
366,4,5,0,9,3,5,4,1,3,low,12,6,False,True,slow,any,False
367,2,5,5,6,9,10,10,3,2,medium,24,4,False,True,normal,any,False
368,2,3,1,4,1,9,1,1,6,medium,19,4,False,True,normal,any,False
369,4,5,0,9,2,1,2,3,4,high,73,0,False,False,normal,any,False
370,9,5,9,3,2,6,4,5,1,medium,29,5,False,False,slow,any,False
371,8,3,2,0,2,0,8,4,4,low,9,7,True,False,normal,evening,True
372,2,4,4,7,5,2,10,8,5,high,82,3,False,True,normal,night,False
373,5,3,5,10,6,3,2,1,6,medium,28,8,False,True,normal,any,True
374,0,4,6,3,0,7,3,5,9,medium,32,6,False,False,fast,any,False
375,9,6,4,2,3,4,10,8,0,medium,19,5,False,False,normal,any,False
376,3,5,8,0,0,6,9,3,0,medium,26,7,False,False,normal,evening,False
377,4,5,4,0,6,9,1,4,0,low,12,7,False,True,normal,afternoon,False
378,2,4,5,0,8,6,5,1,6,free,0,10,False,False,slow,evening,False
379,4,9,6,1,7,8,4,2,2,medium,28,5,False,True,fast,afternoon,False
380,3,7,0,8,0,3,2,2,9,low,12,10,False,False,fast,any,False
381,1,6,5,8,5,1,2,1,1,low,6,9,False,False,fast,evening,False
382,0,0,6,7,3,0,2,0,0,low,5,6,False,False,fast,sunset,True
383,8,9,4,2,2,1,6,4,6,medium,22,7,False,True,normal,any,True
384,1,6,4,0,7,1,4,6,5,medium,33,4,False,False,fast,morning,False
385,1,3,0,6,2,0,3,0,8,medium,26,8,False,False,fast,morning,False
386,1,4,3,2,10,1,6,7,6,medium,26,4,True,False,normal,morning,False
387,3,10,5,4,0,5,1,7,9,high,78,1,False,False,fast,sunset,False
388,2,3,5,4,10,3,9,1,6,medium,18,5,False,True,slow,any,False
389,5,0,1,3,4,5,2,8,2,medium,18,3,False,False,normal,morning,False
390,4,2,6,6,7,6,0,10,0,low,10,9,False,True,fast,evening,False
391,1,2,10,10,6,0,4,10,5,medium,32,7,False,False,fast,any,False
392,2,2,0,0,4,7,8,6,9,low,14,6,False,False,normal,morning,False
393,8,1,1,5,2,7,5,0,6,low,10,7,True,False,normal,sunset,False
394,10,4,0,2,10,4,3,2,4,free,0,8,False,True,normal,sunset,False
395,2,3,1,3,7,6,6,4,1,low,5,8,False,False,fast,evening,True
396,0,10,10,1,2,7,5,6,2,medium,24,6,False,False,normal,any,False
397,8,4,10,1,5,6,5,3,9,high,90,4,False,True,fast,morning,True
398,2,6,6,7,8,6,10,2,6,low,7,8,False,True,fast,any,True
399,4,3,3,5,0,1,1,9,8,free,0,10,False,False,fast,evening,False
400,2,9,6,0,3,2,5,5,0,low,7,7,True,False,slow,afternoon,False
401,8,4,0,6,9,2,6,10,6,medium,22,6,False,True,fast,any,False
402,9,5,0,2,10,3,5,8,2,high,53,2,False,False,normal,afternoon,False
403,8,2,4,3,2,5,5,2,6,medium,32,4,False,False,slow,morning,False
404,6,8,2,1,8,3,5,2,6,medium,28,3,False,True,slow,morning,False
405,6,8,5,2,4,0,9,3,4,medium,32,8,False,False,slow,afternoon,True
406,10,1,9,2,4,0,0,1,1,medium,35,4,False,False,slow,any,False
407,5,9,9,1,7,3,2,1,3,high,63,0,False,False,normal,afternoon,False
408,5,6,1,7,10,4,3,4,2,low,10,7,False,True,normal,morning,False
409,1,8,1,6,6,6,2,9,5,medium,19,6,False,False,slow,any,False
410,6,1,7,2,2,1,10,1,2,medium,35,6,True,False,slow,night,False
411,5,3,5,4,2,0,7,4,0,free,0,9,False,False,slow,night,False
412,10,2,10,5,2,1,4,0,8,low,13,9,False,False,fast,any,False
413,0,2,0,1,10,6,6,2,5,low,11,8,False,True,slow,night,False
414,5,3,8,4,6,10,0,1,1,free,0,8,False,True,normal,any,False
415,9,5,4,3,3,3,0,8,0,low,8,8,True,True,normal,any,False
416,8,3,0,8,10,5,0,2,0,low,15,6,False,False,slow,sunset,True
417,6,5,5,3,3,5,2,7,2,high,92,2,False,False,slow,evening,True
418,2,6,0,5,7,4,4,3,0,low,7,7,False,False,fast,sunset,True
419,0,2,10,6,10,5,6,2,5,medium,26,8,True,False,fast,morning,False
420,6,10,6,2,4,1,10,5,3,free,0,9,False,False,normal,night,False
421,3,10,7,6,3,2,1,1,9,medium,31,6,False,True,fast,any,True
422,3,9,2,2,4,0,7,0,5,medium,20,4,False,True,normal,evening,False
423,6,2,2,6,8,1,1,7,9,high,48,3,False,True,fast,any,False
424,4,6,9,5,5,5,10,9,0,low,5,7,True,True,slow,sunset,True
425,6,5,8,7,2,6,3,8,3,medium,18,4,False,False,normal,morning,True
426,2,4,6,10,0,2,0,0,10,high,98,5,False,False,slow,any,False
427,0,4,0,10,4,9,4,7,2,high,88,3,True,False,normal,morning,False
428,5,1,3,2,10,1,4,1,4,high,78,4,False,False,normal,sunset,False
429,6,3,6,6,1,8,9,5,5,free,0,8,True,True,normal,evening,False
430,1,4,0,7,9,2,2,5,1,low,13,6,False,False,fast,any,False
431,6,2,6,0,9,8,6,5,6,medium,18,8,True,False,slow,night,False
432,6,7,4,0,1,5,0,6,1,high,55,5,False,False,normal,evening,True
433,1,0,6,1,3,10,7,1,10,low,13,7,True,False,slow,morning,False
434,3,6,1,1,6,3,3,3,10,high,81,0,False,False,normal,afternoon,True
435,6,1,3,0,3,7,8,4,0,high,72,3,False,False,normal,any,False
436,8,5,3,3,8,4,4,6,4,medium,26,8,False,True,normal,any,False
437,0,9,9,6,8,0,0,6,4,medium,22,5,False,False,fast,any,False
438,7,6,5,0,3,9,4,5,7,medium,22,8,False,False,slow,afternoon,False
439,2,5,8,10,4,8,0,2,4,medium,26,6,True,False,slow,any,True
440,1,3,0,2,5,4,3,10,6,low,12,9,False,False,slow,evening,False
441,4,1,10,5,3,1,5,4,6,medium,21,6,False,False,slow,morning,False
442,9,9,0,4,1,0,9,2,2,low,12,6,False,True,normal,any,False
443,6,5,10,7,0,4,2,0,6,free,0,10,False,False,normal,morning,False
444,5,3,10,5,10,1,6,5,9,free,0,9,False,False,normal,night,False
445,1,7,4,5,9,4,7,5,4,free,0,10,False,False,normal,any,False
446,8,1,10,0,6,4,4,2,10,medium,30,3,False,True,fast,afternoon,False
447,0,8,2,1,1,2,6,0,1,low,11,7,True,False,fast,evening,False
448,1,3,2,2,3,7,0,1,1,medium,33,4,False,False,normal,any,True
449,0,3,0,3,5,1,7,2,7,low,13,7,False,False,fast,afternoon,True
450,4,1,6,1,4,10,4,3,0,free,0,10,False,False,fast,night,False
451,6,5,8,4,9,0,8,5,4,medium,24,3,False,True,fast,afternoon,False
452,5,2,5,9,6,10,2,1,5,high,78,1,False,False,fast,evening,False
453,0,0,5,1,3,4,5,10,6,low,6,6,False,False,slow,morning,True
454,1,6,6,6,5,7,7,3,2,high,91,0,False,True,normal,night,False
455,6,5,1,1,10,2,0,2,3,high,61,0,True,False,normal,sunset,False
456,5,5,8,7,4,1,5,0,1,low,14,7,False,False,normal,sunset,True
457,4,3,0,3,7,9,3,6,10,low,15,10,False,False,slow,sunset,True
458,2,0,3,1,2,0,7,8,5,medium,17,4,True,False,fast,afternoon,True
459,9,1,0,3,1,9,6,0,6,low,8,6,False,False,slow,afternoon,False
460,7,3,2,6,5,0,6,1,0,high,91,0,False,False,fast,evening,False
461,0,4,6,3,1,6,7,3,10,medium,28,7,False,False,slow,evening,False
462,0,7,4,7,4,6,6,1,4,low,13,8,False,False,normal,any,True
463,8,2,4,3,4,5,6,2,2,medium,32,4,True,False,normal,morning,True
464,7,10,9,1,1,5,1,6,0,low,15,9,False,False,normal,any,False
465,2,1,0,3,7,3,8,0,5,low,8,9,False,True,normal,night,False
466,1,6,0,9,0,0,9,7,4,low,9,9,True,False,slow,any,True
467,1,1,2,5,8,2,6,4,1,low,5,7,False,False,fast,evening,False
468,1,2,3,1,2,9,5,1,4,high,90,5,True,True,slow,evening,True
469,4,3,5,1,0,8,6,4,9,medium,25,4,True,False,slow,sunset,False
470,6,10,6,7,1,4,3,6,5,medium,26,6,False,True,normal,afternoon,False
471,4,3,5,6,7,1,1,8,3,high,85,1,False,False,normal,night,False
472,0,9,10,4,2,1,7,3,4,medium,28,6,False,False,slow,any,False
473,1,2,5,0,2,0,2,7,6,low,8,6,True,False,normal,any,False
474,1,5,4,1,9,0,6,2,9,medium,27,6,False,False,fast,evening,False
475,1,1,5,5,1,3,8,4,4,medium,29,8,False,False,fast,sunset,False
476,3,6,4,7,2,1,8,9,5,free,0,9,False,False,slow,evening,False
477,7,1,1,2,4,10,3,1,3,free,0,8,False,False,slow,afternoon,False
478,5,8,0,6,5,4,3,0,1,low,11,8,False,True,normal,morning,False
479,2,6,10,3,1,0,1,4,3,medium,17,6,False,False,fast,any,False
480,4,2,8,4,10,2,1,7,1,medium,27,7,False,False,slow,sunset,False
481,10,9,9,3,4,6,6,6,1,medium,20,7,False,False,slow,any,False
482,8,2,5,9,5,0,5,5,5,high,98,3,False,False,slow,any,True
483,1,2,1,4,0,3,7,7,5,medium,29,6,False,False,fast,any,False
484,5,3,10,3,0,7,4,8,5,high,52,3,False,False,fast,any,True
485,1,7,5,6,0,5,9,1,3,low,8,6,False,False,normal,any,False
486,2,10,0,4,0,7,10,6,1,high,82,1,True,True,fast,any,False
487,8,8,0,10,4,0,6,2,2,medium,21,7,False,False,slow,any,True
488,0,3,9,0,3,8,3,1,0,medium,23,8,False,True,slow,morning,False
489,2,7,9,5,5,3,5,6,5,low,7,8,False,False,fast,any,False
490,4,4,5,7,1,0,7,2,1,medium,22,7,True,True,normal,any,False
491,10,5,2,8,2,9,5,6,6,free,0,10,False,False,fast,evening,False
492,0,5,1,6,5,5,5,1,10,medium,20,6,False,True,normal,night,True
493,1,0,1,8,1,4,0,3,5,medium,20,8,True,False,normal,any,False
494,6,3,0,9,10,3,8,3,3,medium,34,8,False,True,slow,morning,False
495,4,8,4,5,8,2,3,3,2,medium,27,7,False,True,fast,morning,True
496,7,6,4,5,5,2,3,3,3,high,82,3,False,False,normal,morning,True
497,4,1,1,6,3,2,9,4,5,medium,26,8,True,False,normal,any,False
498,9,4,10,5,1,2,1,4,4,high,55,0,True,True,normal,morning,False
499,1,3,1,6,3,2,5,2,10,medium,28,8,False,True,normal,evening,False
500,5,2,0,8,6,3,7,0,0,medium,28,7,False,True,normal,any,True
501,3,1,4,7,3,4,6,1,1,low,7,7,False,False,normal,afternoon,False
502,0,10,7,2,0,2,0,4,8,medium,18,3,True,False,fast,afternoon,False
503,4,6,0,10,4,4,6,2,3,medium,25,7,False,False,slow,night,False
504,4,0,2,6,2,6,7,0,10,high,86,5,False,False,fast,any,False
505,4,5,5,10,4,10,5,1,7,high,76,0,False,False,slow,evening,False
506,3,5,4,6,0,2,3,10,5,high,47,5,False,False,normal,sunset,False
507,10,7,2,6,5,4,6,3,8,high,49,3,False,True,fast,evening,False
508,3,7,1,2,3,6,2,1,5,low,12,6,False,False,normal,morning,False
509,5,9,3,10,5,5,6,4,6,medium,22,4,False,True,fast,any,False
510,4,9,1,6,2,3,4,5,0,low,14,10,True,False,normal,evening,False
511,5,4,4,1,0,3,0,4,10,low,9,7,False,False,normal,any,False
512,7,2,10,5,6,8,3,2,5,high,42,6,False,False,fast,evening,False
513,10,5,10,2,6,5,8,0,4,low,11,9,False,False,normal,afternoon,False
514,8,2,6,7,6,5,9,3,5,low,7,9,False,True,fast,any,False
515,7,5,6,6,1,10,3,8,0,free,0,8,False,True,normal,any,False
516,1,0,0,1,3,3,9,5,4,high,83,6,False,False,normal,evening,False
517,5,3,2,0,7,7,7,0,3,medium,31,4,True,False,normal,any,False
518,5,5,10,9,4,1,7,2,0,medium,32,4,False,False,normal,sunset,False
519,6,7,6,6,8,5,0,8,6,medium,20,3,False,False,fast,any,True
520,4,9,6,6,0,0,0,4,2,low,13,7,False,False,fast,any,False
521,4,10,5,2,9,4,4,8,5,free,0,8,True,True,slow,any,True
522,1,5,10,7,4,9,2,3,5,high,86,3,True,True,normal,evening,False
523,5,5,5,1,9,4,5,5,6,medium,20,6,False,False,slow,morning,False
524,2,7,4,0,5,4,3,0,2,medium,26,5,False,True,slow,any,True
525,0,6,0,1,4,5,9,4,6,medium,18,7,False,False,normal,any,True
526,2,6,10,1,2,6,5,5,6,medium,34,6,False,True,fast,afternoon,True
527,3,4,9,0,5,5,2,5,6,low,14,9,False,True,slow,evening,False
528,2,5,6,7,2,3,9,6,0,medium,17,8,False,True,normal,any,False
529,8,3,3,4,5,5,7,3,0,medium,15,8,False,False,normal,night,False
530,8,8,0,2,6,1,4,9,0,medium,27,4,False,True,slow,any,False
531,2,3,2,2,8,0,5,5,4,low,9,10,False,True,normal,afternoon,False
532,9,2,2,0,0,2,5,8,3,low,6,9,False,True,normal,any,True
533,9,1,10,3,2,2,2,3,1,medium,23,3,False,False,normal,any,False
534,6,5,1,0,1,9,0,1,3,medium,25,3,True,True,normal,evening,False
535,6,5,5,1,2,6,6,10,10,low,6,6,True,False,fast,evening,True
536,10,3,2,2,3,0,10,1,4,low,13,7,False,False,slow,night,True
537,5,6,6,7,5,5,4,8,1,high,54,1,True,False,normal,any,True
538,0,6,0,10,3,4,2,5,5,high,63,2,False,True,normal,any,True
539,5,3,1,2,7,8,0,0,0,medium,25,4,False,True,normal,morning,False
540,2,0,0,5,0,8,2,2,9,medium,33,7,False,True,normal,afternoon,True
541,5,5,7,0,4,5,6,1,1,medium,18,3,False,False,normal,morning,False
542,8,10,9,6,6,6,4,2,2,medium,18,6,True,False,slow,afternoon,True
543,0,4,7,6,8,5,6,10,3,medium,31,3,True,False,normal,evening,False
544,0,1,8,7,6,4,3,4,5,medium,23,5,False,True,normal,any,True
545,8,2,1,9,7,5,1,6,1,medium,15,8,False,False,normal,any,False
546,4,2,9,7,7,6,2,1,5,high,57,2,False,False,slow,evening,False
547,5,2,6,5,5,4,8,6,3,low,9,7,False,False,slow,any,True
548,3,7,3,1,3,8,8,1,4,medium,20,8,False,False,slow,sunset,False
549,1,7,3,1,3,5,3,0,5,medium,15,7,True,False,fast,any,False
550,1,6,7,2,1,5,4,0,6,high,48,4,False,False,normal,any,False
551,2,3,8,1,0,4,5,9,7,free,0,8,False,True,slow,morning,True
552,8,3,3,1,2,5,2,1,5,low,6,9,True,True,fast,night,False
553,0,7,8,1,3,9,4,1,5,medium,24,7,False,False,fast,sunset,False
554,8,8,2,1,3,3,5,6,6,high,43,0,False,False,normal,any,False
555,2,2,3,3,3,5,10,4,6,medium,19,8,False,False,normal,afternoon,False
556,10,4,4,8,5,0,8,2,0,low,5,8,False,False,slow,any,False
557,3,1,6,6,10,1,1,6,1,free,0,8,False,False,normal,any,False
558,7,10,6,4,6,1,0,1,2,low,8,6,True,False,normal,evening,False
559,5,2,3,3,5,2,3,6,7,low,7,6,False,True,slow,afternoon,True
560,4,4,2,5,8,3,1,9,0,medium,19,8,False,False,fast,any,False
561,2,10,6,10,1,0,6,9,5,medium,23,3,True,False,slow,any,True
562,0,0,1,4,0,6,2,1,8,medium,16,4,False,False,normal,afternoon,False
563,9,0,2,0,2,6,2,3,4,low,11,8,False,False,fast,morning,False
564,6,6,1,0,4,6,3,3,7,low,7,9,True,False,slow,any,True
565,4,5,9,3,8,2,2,2,10,free,0,8,False,False,fast,any,False
566,8,9,4,6,6,6,0,3,0,medium,20,5,True,True,normal,any,True
567,2,6,3,5,8,0,4,10,0,low,9,9,False,False,normal,morning,False
568,10,4,3,2,5,7,4,5,7,medium,22,8,False,True,slow,any,True
569,3,10,5,7,2,3,3,5,4,high,94,0,True,False,slow,night,False
570,2,0,2,2,4,3,8,5,5,medium,23,6,True,True,normal,afternoon,False
571,0,6,2,6,3,3,8,0,1,high,89,2,False,True,fast,any,True
572,1,5,2,1,7,0,10,9,6,low,8,8,False,False,normal,evening,False
573,6,0,4,6,4,8,7,5,5,medium,19,5,False,False,normal,sunset,False
574,3,1,10,6,2,0,6,5,3,low,5,9,False,False,normal,afternoon,False
575,5,1,3,8,4,3,1,2,1,high,36,2,False,True,slow,afternoon,False
576,3,2,2,10,4,6,2,7,8,medium,26,4,False,True,normal,any,False
577,4,6,0,0,7,7,7,4,3,low,14,10,True,False,normal,any,False
578,6,3,4,10,0,1,6,3,7,low,12,9,False,False,slow,morning,False
579,2,2,5,2,2,6,6,3,8,free,0,8,True,True,normal,sunset,False
580,4,10,1,4,3,8,4,5,10,medium,33,6,True,False,slow,any,False
581,0,8,7,5,4,6,10,6,6,medium,23,7,True,False,fast,any,True
582,7,4,10,0,8,3,5,5,6,low,8,7,False,False,fast,evening,False
583,7,1,5,0,7,0,3,4,0,low,9,8,False,True,normal,morning,False
584,6,7,3,0,3,5,0,8,5,medium,25,8,False,False,fast,any,True
585,9,10,7,1,4,5,2,0,1,medium,32,3,False,False,fast,morning,False
586,1,1,0,5,5,8,2,2,3,low,6,8,False,False,normal,sunset,False
587,1,1,5,9,10,0,4,6,6,medium,20,4,False,False,slow,morning,False
588,3,8,4,2,2,5,7,3,1,high,100,2,False,True,slow,afternoon,False
589,7,1,6,2,3,6,8,2,1,free,0,9,True,False,fast,evening,False
590,4,6,2,1,4,0,3,9,4,low,8,6,False,False,slow,sunset,False
591,6,2,8,1,0,6,10,3,7,high,88,0,True,True,normal,morning,False
592,10,2,1,6,3,0,4,4,7,low,5,6,False,False,normal,any,False
593,4,9,3,4,0,3,9,5,3,medium,35,3,False,False,fast,any,False
594,2,10,1,1,0,1,5,6,2,medium,32,3,False,False,normal,evening,True
595,2,10,2,5,8,1,4,3,0,low,7,10,False,False,normal,morning,True
596,3,2,2,10,1,7,2,9,5,free,0,10,False,False,normal,any,False
597,8,3,6,3,1,3,0,2,1,medium,31,7,False,False,normal,morning,True
598,2,10,10,6,4,4,1,6,10,low,9,9,True,False,slow,afternoon,True
599,1,7,3,1,2,0,3,5,4,medium,23,3,False,True,normal,any,False
600,9,2,0,7,5,10,5,3,1,low,11,7,False,False,normal,morning,False
601,0,7,0,9,1,0,4,7,2,low,14,9,False,True,normal,sunset,False
602,6,1,9,5,2,5,4,2,5,free,0,10,False,False,normal,sunset,False
603,5,0,1,1,2,10,1,0,5,medium,25,3,True,True,fast,evening,False
604,0,3,6,1,10,7,0,7,4,medium,24,4,False,True,fast,any,False
605,5,2,4,9,5,10,2,9,3,free,0,9,False,False,slow,sunset,False
606,5,7,8,3,6,1,5,8,2,medium,22,7,False,False,normal,evening,True
607,5,10,4,1,9,5,2,2,3,medium,23,5,True,False,normal,sunset,True
608,0,0,3,5,8,10,5,1,4,high,55,2,False,True,normal,morning,True
609,9,7,3,9,5,6,0,0,2,low,9,10,False,False,fast,any,False
610,0,2,1,7,10,2,8,6,5,medium,28,6,False,True,normal,any,False
611,4,1,5,6,1,9,8,3,8,low,6,8,False,False,normal,morning,False
612,4,10,9,4,5,5,2,3,2,medium,28,6,False,False,fast,evening,True
613,6,1,4,4,9,1,4,4,4,high,41,6,False,True,normal,morning,False
614,7,2,6,5,0,2,4,7,9,medium,25,3,True,False,normal,evening,False
615,1,8,9,5,2,5,0,10,4,medium,18,3,True,False,fast,any,True
616,10,0,0,2,3,3,1,8,6,medium,23,7,False,False,normal,morning,False
617,6,5,8,1,4,5,5,4,1,medium,24,5,False,False,normal,evening,False
618,6,10,1,7,2,3,0,10,0,medium,16,8,False,False,normal,sunset,False
619,5,3,2,0,1,2,4,8,2,high,84,4,True,False,normal,evening,False
620,6,5,9,3,7,6,10,3,3,medium,20,7,False,False,normal,any,False
621,7,0,6,5,1,8,7,5,0,medium,30,5,False,False,slow,evening,True
622,6,3,0,0,4,2,7,0,6,medium,29,5,False,False,slow,any,False
623,1,2,10,10,5,2,1,1,5,low,13,7,True,True,slow,any,True
624,9,6,3,4,4,6,0,2,1,medium,35,7,False,False,normal,morning,False
625,0,3,10,5,3,6,7,4,7,low,13,8,True,False,fast,afternoon,True
626,5,2,0,6,8,2,7,4,4,low,13,10,False,False,fast,evening,True
627,7,2,3,2,8,2,6,0,1,low,10,6,False,True,slow,sunset,False
628,0,3,4,5,4,7,4,3,1,low,5,6,True,False,normal,morning,False
629,7,0,6,6,6,1,4,4,6,low,15,6,False,True,slow,evening,False
630,0,3,7,4,2,2,1,2,10,high,65,1,True,True,normal,evening,False
631,8,6,0,0,0,1,10,1,9,free,0,10,False,True,normal,afternoon,False
632,0,9,4,1,3,5,5,6,2,high,63,3,False,False,slow,any,False
633,4,4,0,0,9,10,5,10,2,free,0,10,False,False,fast,morning,False
634,8,5,3,5,6,3,0,0,3,medium,23,5,False,False,slow,any,False
635,10,3,3,0,1,1,3,8,5,medium,16,8,False,False,normal,any,False
636,6,0,2,10,10,6,5,5,6,free,0,10,False,False,normal,sunset,False
637,1,3,3,5,8,1,7,2,6,medium,23,3,False,False,normal,afternoon,True
638,5,2,6,5,7,7,2,4,5,low,9,7,False,True,fast,any,False
639,0,4,0,9,4,4,2,7,10,low,9,8,False,True,normal,any,False
640,0,5,0,8,5,4,6,3,4,low,13,7,True,False,normal,any,False
641,8,2,0,0,4,3,0,4,7,low,10,10,False,False,normal,afternoon,False
642,9,4,6,2,2,3,5,2,3,high,72,4,True,False,normal,any,False
643,6,2,4,9,1,3,6,4,0,medium,19,6,False,False,slow,night,False
644,5,0,6,4,7,4,10,5,10,low,8,10,False,True,fast,evening,False
645,5,8,3,5,3,9,0,2,4,medium,26,8,False,True,slow,any,False
646,1,6,3,5,4,5,1,4,9,medium,25,5,True,False,normal,any,False
647,3,0,8,0,3,2,6,4,5,high,47,1,False,False,fast,any,True
648,2,1,3,8,5,2,7,2,9,medium,34,3,False,True,normal,morning,False
649,2,6,3,5,1,5,8,7,1,high,82,5,False,False,normal,afternoon,False
650,2,3,2,7,4,4,4,4,4,medium,28,5,False,False,fast,any,False
651,2,4,4,9,7,2,9,1,0,low,12,9,False,True,slow,any,False
652,5,2,1,7,1,4,6,4,6,low,14,6,False,False,slow,any,False
653,1,2,4,3,5,10,4,1,6,medium,18,8,False,False,normal,morning,False
654,5,5,0,2,7,5,6,1,5,free,0,10,False,False,normal,evening,True
655,7,5,6,9,1,7,5,5,0,low,14,9,False,True,fast,morning,False
656,2,1,1,5,0,4,6,8,0,medium,30,7,False,False,fast,evening,False
657,4,5,1,9,6,8,2,5,10,medium,35,6,False,False,normal,any,False
658,2,1,5,3,0,1,10,9,5,low,11,7,False,False,slow,morning,False
659,9,2,4,1,6,6,3,0,4,medium,23,8,False,False,normal,morning,False
660,2,5,6,7,2,3,3,8,4,high,61,6,False,False,normal,any,False
661,10,0,6,5,2,2,6,6,4,free,0,10,False,False,slow,sunset,False
662,1,2,2,10,8,4,8,0,0,medium,31,3,False,False,fast,any,True
663,7,6,10,10,1,6,5,2,6,free,0,10,False,False,normal,any,False
664,4,10,8,6,4,9,6,2,3,medium,15,5,False,True,normal,evening,False
665,1,10,4,2,3,2,8,3,0,high,85,2,False,False,normal,afternoon,True
666,2,3,4,0,5,2,2,8,6,medium,17,3,False,True,slow,afternoon,True
667,0,6,3,9,3,2,5,9,6,low,10,10,False,False,normal,any,False
668,2,5,1,2,3,5,3,7,7,medium,17,6,True,True,normal,any,True
669,10,3,1,5,6,4,3,1,5,high,88,3,True,True,slow,evening,False
670,4,2,4,5,1,8,2,4,8,medium,26,7,False,False,fast,any,False
671,4,5,10,0,2,3,1,1,3,free,0,9,False,True,fast,morning,True
672,9,5,8,2,5,0,1,9,2,medium,28,7,False,False,slow,night,False
673,1,7,5,8,9,1,2,4,0,low,13,10,False,False,normal,sunset,False
674,0,8,1,7,6,4,1,8,1,medium,15,5,True,False,fast,sunset,False
675,4,6,0,1,10,10,6,3,5,medium,24,7,False,True,normal,any,True
676,3,4,10,3,9,5,7,4,3,medium,20,3,False,False,slow,any,False
677,2,1,5,7,1,3,2,8,7,medium,25,3,False,False,normal,any,False
678,0,5,5,9,9,5,0,7,6,medium,30,7,False,False,normal,sunset,False
679,9,0,4,5,1,5,5,1,6,high,45,3,False,True,normal,evening,False
680,4,5,0,9,9,8,4,5,2,medium,27,6,False,False,fast,sunset,False
681,3,7,2,4,8,5,4,10,1,medium,15,5,False,False,normal,afternoon,False
682,7,8,5,0,1,2,4,7,6,low,5,7,False,False,slow,night,False
683,0,3,9,8,2,1,4,9,3,low,8,8,False,True,normal,evening,False
684,2,6,5,4,3,8,0,6,10,low,14,7,False,False,normal,evening,False
685,0,4,6,1,9,1,3,2,7,high,58,3,True,False,normal,morning,False
686,5,0,5,2,6,7,1,3,3,low,15,6,True,False,fast,afternoon,False
687,5,3,3,6,1,2,9,9,3,medium,24,3,False,False,slow,sunset,False
688,4,3,4,0,8,4,8,2,4,high,60,4,False,True,normal,night,False
689,3,3,8,3,0,8,1,1,2,low,7,7,False,False,normal,any,False
690,8,2,0,3,4,5,3,8,3,medium,29,8,False,False,normal,any,False
691,6,5,5,6,10,10,4,0,2,medium,33,3,False,False,slow,morning,False
692,0,5,1,1,3,1,7,1,2,medium,25,6,False,False,normal,morning,False
693,3,1,1,3,7,3,6,0,2,medium,18,8,False,False,fast,any,False
694,10,5,5,3,3,6,0,9,3,low,15,6,False,False,normal,morning,False
695,0,6,1,3,4,10,6,5,7,low,10,10,False,False,normal,sunset,False
696,7,6,3,3,9,0,4,5,2,low,10,8,False,True,normal,any,False
697,5,0,4,0,9,7,4,5,3,low,6,10,True,False,normal,morning,False
698,0,0,2,9,0,1,4,7,3,medium,17,5,False,False,normal,any,False
699,0,8,4,2,2,4,8,5,6,free,0,8,False,False,normal,evening,False
700,9,9,0,3,1,0,10,5,1,low,12,10,False,False,fast,any,False
701,4,9,5,5,4,6,3,4,3,medium,25,7,False,False,fast,any,False
702,6,5,10,1,4,5,1,10,2,medium,33,3,False,False,normal,any,False
703,6,2,3,5,10,0,1,4,8,medium,33,6,False,False,slow,any,False
704,4,1,3,4,6,0,7,3,1,low,6,10,False,False,slow,night,False
705,1,3,4,2,2,9,7,5,9,medium,32,6,False,False,slow,any,False
706,3,2,7,4,6,2,6,3,5,low,6,9,False,False,normal,any,True
707,4,4,7,4,4,5,3,0,2,medium,20,7,False,False,slow,any,False
708,1,3,2,8,1,3,8,2,8,low,5,7,False,False,normal,morning,True
709,4,5,0,6,4,6,2,8,1,medium,17,3,False,False,normal,afternoon,False
710,2,7,5,6,4,5,7,3,3,medium,16,5,False,False,normal,any,False
711,0,0,1,6,2,6,7,8,9,medium,25,4,False,False,fast,any,False
712,5,3,6,1,6,2,2,9,5,medium,29,8,False,True,fast,any,False
713,2,4,2,9,2,5,1,4,5,low,12,8,True,False,fast,afternoon,False
714,8,4,2,8,4,0,2,2,5,medium,31,6,False,False,slow,afternoon,False
715,6,3,5,8,6,10,1,3,10,free,0,9,False,True,fast,afternoon,False
716,2,3,3,7,6,5,6,6,6,medium,22,8,False,False,normal,any,False
717,4,4,6,5,7,6,0,3,4,medium,22,5,False,True,slow,sunset,True
718,9,4,9,0,5,1,5,7,1,medium,16,4,False,False,normal,morning,False
719,6,5,0,1,3,7,3,0,3,low,13,10,False,False,normal,afternoon,False
720,6,5,1,4,6,5,4,10,0,low,11,10,False,False,normal,morning,False
721,4,1,2,2,9,5,10,0,8,medium,25,7,False,True,fast,morning,False
722,1,6,7,6,1,8,2,4,2,low,13,9,True,False,normal,afternoon,True
723,6,3,6,8,6,1,4,5,1,low,13,9,False,False,slow,any,False
724,1,2,2,5,9,9,3,2,3,medium,28,3,False,False,slow,morning,False
725,8,1,5,5,9,2,6,2,0,low,11,8,False,False,slow,afternoon,False
726,1,8,2,5,3,5,4,3,7,medium,27,8,False,False,fast,night,False
727,0,9,2,4,2,3,2,0,3,low,6,8,False,False,slow,sunset,False
728,1,9,4,9,4,4,6,2,7,low,6,8,False,False,slow,evening,True
729,3,2,2,8,5,5,2,9,4,medium,15,4,True,False,normal,morning,True
730,10,0,4,6,6,9,6,4,10,low,10,6,False,False,slow,evening,False
731,5,8,6,0,10,6,2,10,3,high,54,5,False,True,normal,morning,False
732,9,0,4,10,0,0,8,2,3,low,8,10,False,False,normal,evening,False
733,6,8,8,2,1,7,0,4,4,high,40,6,True,False,fast,sunset,False
734,1,3,9,8,1,6,2,0,8,high,91,0,False,False,normal,evening,False
735,10,3,1,1,6,3,4,7,0,high,99,4,False,True,slow,any,False
736,1,1,0,9,3,9,4,0,10,free,0,9,False,False,normal,night,False
737,5,0,5,10,10,0,2,5,5,high,40,1,False,True,fast,afternoon,True
738,8,6,5,5,2,2,4,3,8,medium,20,7,False,False,slow,any,False
739,0,3,8,2,3,5,2,6,2,medium,15,3,False,False,fast,sunset,False
740,3,6,4,5,4,1,1,0,7,low,8,6,False,True,slow,morning,False
741,4,6,7,2,3,3,9,8,2,medium,26,7,False,True,normal,sunset,False
742,4,1,6,8,1,5,0,5,0,medium,24,7,True,True,fast,evening,False
743,6,1,2,3,9,5,1,4,7,medium,27,8,True,True,fast,any,True
744,3,2,7,4,3,3,6,2,1,medium,33,6,False,True,normal,afternoon,True
745,2,1,2,2,6,10,6,4,10,medium,25,7,False,False,normal,any,False
746,3,6,0,7,4,5,2,1,6,low,12,9,False,False,slow,night,True
747,5,1,7,8,5,5,9,4,4,medium,33,7,False,False,normal,any,False
748,0,8,8,6,6,8,4,4,3,high,70,0,False,False,normal,sunset,False
749,1,5,2,0,0,9,5,9,1,high,43,0,False,True,normal,any,False
750,6,1,5,3,3,4,8,1,6,low,8,8,True,False,normal,afternoon,False
751,1,5,2,6,2,0,5,7,4,low,6,10,False,False,normal,any,False
752,6,9,9,0,3,6,2,0,5,medium,33,4,False,False,slow,evening,True
753,5,9,1,6,6,5,3,6,5,high,88,0,False,False,normal,evening,False
754,3,5,6,2,2,7,0,0,10,low,12,7,False,False,fast,evening,False
755,7,4,6,6,5,0,7,0,8,low,15,10,False,False,normal,any,False
756,10,6,6,5,5,6,3,5,7,low,7,6,False,False,normal,morning,True
757,6,5,2,2,8,9,3,6,0,low,15,8,False,True,normal,sunset,False
758,6,1,6,3,6,7,9,2,8,low,9,6,False,True,normal,afternoon,False
759,6,5,3,9,9,6,3,2,6,low,7,8,True,True,normal,afternoon,False
760,3,4,7,1,0,0,5,4,10,high,53,5,False,False,fast,morning,False
761,1,10,7,1,8,5,2,0,3,low,8,7,False,False,slow,any,False
762,6,3,3,4,4,4,1,10,1,medium,33,6,False,False,slow,evening,False
763,2,2,1,2,9,0,8,2,6,medium,22,7,False,True,slow,night,False
764,6,8,5,2,5,8,10,2,4,medium,29,7,False,False,fast,night,True
765,9,3,6,5,1,0,5,2,7,high,70,4,False,False,fast,afternoon,False
766,1,5,3,2,4,5,9,2,1,medium,31,6,True,False,normal,any,True
767,7,6,0,4,7,10,5,1,5,low,14,7,False,True,slow,evening,False
768,4,5,5,3,6,3,10,5,3,low,10,7,True,False,normal,sunset,False
769,3,1,1,2,7,2,3,6,0,medium,15,7,True,False,normal,any,True
770,10,2,7,6,4,4,2,6,7,high,59,5,False,True,fast,any,False
771,4,1,3,5,6,8,4,1,6,medium,15,7,True,False,slow,night,False
772,2,8,4,4,8,0,3,1,4,low,14,8,False,False,normal,morning,False
773,0,2,1,2,1,1,6,3,8,medium,16,5,True,False,normal,sunset,False
774,5,9,4,4,4,10,6,4,8,low,7,9,False,True,normal,morning,False
775,7,2,4,3,4,3,2,10,6,medium,16,7,False,True,fast,sunset,False
776,2,5,7,4,0,7,2,3,8,low,13,6,False,False,normal,afternoon,False
777,7,10,1,1,5,9,0,5,1,medium,33,8,False,True,normal,sunset,True
778,9,1,3,8,2,6,3,0,1,low,8,10,False,False,normal,afternoon,False
779,5,2,3,7,10,10,3,2,6,high,97,2,False,False,normal,evening,False
780,0,7,1,10,0,8,4,2,1,high,67,5,False,False,normal,any,False
781,3,8,0,4,6,3,1,1,7,medium,18,3,False,False,fast,evening,False
782,4,2,3,5,1,3,7,5,4,medium,21,4,False,True,fast,any,False
783,3,1,7,3,3,8,2,4,0,low,15,7,False,False,fast,morning,False
784,1,1,4,2,7,0,5,7,10,medium,15,7,False,False,normal,any,False
785,7,4,0,10,6,4,0,6,8,medium,16,7,False,True,slow,morning,False
786,3,5,1,5,10,4,9,2,5,medium,19,6,False,False,fast,afternoon,True
787,2,5,7,3,9,1,0,3,3,medium,32,4,False,True,normal,any,False
788,3,3,3,2,2,2,5,10,8,medium,21,4,False,True,fast,sunset,False
789,6,6,6,3,9,9,1,10,1,medium,32,8,False,False,slow,sunset,False
790,2,4,1,10,4,3,1,3,0,medium,27,7,False,True,normal,afternoon,True
791,3,2,10,8,6,5,1,6,3,low,14,10,False,False,normal,evening,True
792,9,6,0,2,2,1,5,1,1,low,6,8,False,False,slow,morning,False
793,2,0,6,4,8,1,1,3,0,medium,34,6,True,False,normal,night,False
794,5,8,3,0,6,0,1,3,3,low,7,6,False,False,normal,morning,False
795,9,2,0,2,0,1,1,9,5,low,7,6,False,False,normal,night,False
796,6,10,0,4,10,8,2,6,2,low,9,10,False,True,normal,any,False
797,3,2,0,9,10,5,0,2,7,low,14,6,False,True,normal,sunset,False
798,5,3,2,2,10,3,5,2,1,high,68,4,True,True,fast,morning,False
799,8,7,1,0,1,9,0,1,4,medium,17,3,True,True,slow,sunset,False
800,5,6,2,6,5,0,4,7,0,medium,21,8,False,True,normal,any,False
801,7,3,2,8,3,6,1,5,10,medium,20,6,False,False,slow,any,True
802,1,8,2,1,4,4,1,5,0,medium,17,4,True,False,slow,any,False
803,5,2,1,3,9,6,9,5,8,medium,35,8,False,False,fast,any,False
804,10,0,5,5,0,2,9,5,7,medium,25,6,False,False,normal,any,False
805,1,0,5,9,10,3,3,2,10,medium,29,6,True,False,normal,night,False
806,3,2,7,3,6,6,8,1,4,high,62,0,True,False,normal,any,False
807,6,6,4,2,8,1,3,4,5,medium,28,4,False,False,normal,any,False
808,1,10,6,1,10,3,0,9,5,low,15,8,False,False,fast,any,False
809,4,3,7,0,3,9,3,8,1,high,64,6,False,False,slow,morning,False
810,1,2,6,8,5,8,6,6,1,medium,30,3,False,False,normal,any,False
811,5,2,0,3,10,6,1,9,8,low,5,9,False,False,normal,sunset,False
812,2,3,2,4,8,6,6,5,1,high,50,2,False,False,fast,evening,False
813,9,2,1,1,2,0,7,5,5,medium,17,5,False,False,fast,afternoon,False
814,9,3,2,1,5,10,2,8,4,low,5,6,True,False,normal,any,False
815,10,5,2,3,1,2,4,6,7,medium,25,7,False,True,normal,evening,False
816,1,8,0,4,1,5,1,0,9,high,78,0,False,False,normal,afternoon,False
817,6,0,8,3,8,0,9,1,1,free,0,8,False,False,normal,any,False
818,4,2,9,3,6,5,5,3,0,medium,24,6,True,False,normal,any,True
819,1,4,3,7,2,5,0,4,2,medium,20,6,False,False,slow,evening,False
820,6,8,6,4,2,9,8,2,2,low,15,8,False,False,slow,evening,False
821,0,0,10,6,0,5,6,1,1,medium,24,8,False,False,slow,morning,True
822,4,7,2,7,8,6,1,6,2,low,11,8,False,False,slow,night,False
823,7,0,6,7,7,6,0,2,0,low,11,10,False,True,normal,afternoon,False
824,3,7,9,6,0,7,2,1,2,medium,21,3,False,False,normal,any,False
825,7,0,8,3,6,4,5,4,2,low,14,9,True,False,fast,morning,False
826,3,6,3,3,1,0,4,7,5,free,0,10,False,False,slow,any,False
827,5,3,6,7,5,0,6,4,6,high,97,6,False,False,fast,morning,False
828,2,5,9,5,4,4,1,9,5,medium,28,4,False,False,slow,evening,True
829,3,0,9,1,2,2,10,10,6,medium,20,3,False,False,slow,any,False
830,6,1,10,0,6,3,7,4,7,medium,33,3,False,False,slow,evening,False
831,2,9,4,3,4,5,6,10,1,medium,28,8,False,True,normal,morning,False
832,7,3,1,0,5,2,1,6,3,low,8,10,False,False,fast,any,False
833,6,6,7,0,2,3,0,3,2,medium,15,8,False,False,normal,any,False
834,7,3,2,2,0,2,5,10,6,medium,32,3,False,False,slow,night,False
835,0,3,6,0,3,2,7,0,1,medium,35,3,False,False,fast,night,True
836,1,4,3,0,0,5,1,7,10,free,0,9,False,False,slow,afternoon,False
837,1,10,2,6,1,0,2,9,3,low,7,6,True,False,fast,evening,False
838,0,2,1,1,2,6,10,1,5,medium,18,3,True,True,slow,afternoon,True
839,0,5,4,5,2,7,10,3,0,low,13,9,True,True,slow,evening,False
840,7,1,7,8,5,1,3,5,4,low,9,9,True,False,fast,morning,False
841,1,2,1,10,0,2,0,4,6,free,0,10,False,False,slow,any,True
842,5,3,3,10,1,0,1,3,7,low,7,10,True,False,normal,night,True
843,5,6,3,9,1,6,2,3,0,medium,16,5,False,True,normal,night,False
844,4,6,10,8,1,4,4,2,10,medium,28,7,True,True,fast,sunset,True
845,10,2,10,5,6,9,2,6,4,medium,24,6,False,False,slow,evening,False
846,0,5,10,2,4,4,4,7,9,medium,23,5,False,True,slow,any,True
847,2,1,6,2,4,10,2,2,4,medium,21,7,False,True,slow,any,False
848,1,6,3,4,4,8,0,5,9,medium,21,7,False,False,fast,afternoon,False
849,3,5,2,4,3,4,9,1,2,medium,23,3,False,False,slow,any,True
850,4,4,6,2,4,4,3,8,9,free,0,10,False,False,normal,morning,True
851,2,7,0,6,0,2,0,4,4,low,6,9,False,False,normal,any,False
852,1,1,1,9,9,6,1,1,7,medium,25,4,True,False,normal,afternoon,True
853,4,9,6,3,0,0,1,6,3,low,12,10,True,True,fast,any,True
854,3,1,1,0,6,0,10,5,10,medium,27,7,False,True,slow,any,False
855,2,0,3,4,4,10,6,3,8,low,6,10,False,False,fast,morning,True
856,1,5,2,1,10,4,10,0,5,high,66,5,False,False,slow,morning,False
857,10,5,3,3,0,3,2,9,1,low,9,9,True,True,normal,afternoon,False
858,10,2,0,6,1,0,5,1,0,medium,32,3,False,False,normal,any,True
859,1,3,9,1,7,1,6,0,4,free,0,9,False,False,slow,any,False
860,0,7,2,6,6,1,4,0,6,medium,26,8,True,False,fast,evening,False
861,4,6,0,4,7,3,1,1,0,medium,19,4,False,False,normal,any,True
862,5,8,1,5,4,6,0,0,3,low,9,9,False,False,slow,afternoon,False
863,4,4,5,6,5,10,9,10,1,medium,30,4,False,True,normal,morning,False
864,2,2,0,9,3,1,7,1,10,medium,19,6,False,False,normal,afternoon,False
865,0,1,10,2,3,3,3,5,3,low,8,9,True,False,fast,any,False
866,2,0,2,3,10,5,6,3,0,medium,26,7,False,True,slow,sunset,True
867,4,1,0,7,8,5,5,4,2,free,0,10,False,True,normal,evening,False
868,0,6,7,3,10,10,6,4,0,medium,32,8,False,False,slow,any,False
869,1,1,6,1,7,4,3,9,3,low,5,8,True,True,normal,any,False
870,4,4,2,1,0,0,8,6,0,low,12,6,False,False,fast,evening,True
871,5,2,6,3,9,9,5,9,4,low,15,10,False,True,normal,sunset,True
872,3,2,2,4,2,3,10,0,4,low,9,6,False,False,slow,any,False
873,5,9,10,5,3,3,4,2,2,free,0,10,False,False,fast,any,False
874,1,3,3,0,2,2,7,2,8,medium,30,6,False,False,slow,any,False
875,1,4,2,4,3,7,0,0,0,medium,15,4,False,False,fast,night,False
876,10,1,7,1,2,6,2,9,5,medium,16,4,False,False,fast,afternoon,False
877,8,3,6,10,0,2,9,4,6,medium,34,5,True,False,slow,any,False
878,1,9,0,3,9,5,1,10,6,medium,31,5,False,False,normal,sunset,True
879,1,3,1,8,0,7,0,4,0,low,12,7,True,True,slow,evening,False
880,0,5,5,9,5,1,10,7,2,low,8,8,True,True,slow,any,True
881,6,5,6,2,3,1,9,10,5,low,14,7,True,False,slow,morning,False
882,8,1,10,2,1,5,1,3,0,medium,35,5,False,False,normal,any,False
883,2,9,4,10,4,4,4,4,8,medium,16,6,False,False,normal,night,False
884,10,4,5,6,0,10,6,3,3,high,64,2,False,True,normal,sunset,False
885,3,2,0,4,8,0,1,6,3,low,5,9,True,True,slow,afternoon,False
886,7,3,4,1,9,6,0,6,1,high,84,4,False,True,normal,any,False
887,0,0,1,9,1,5,2,9,3,low,11,7,False,False,slow,any,False
888,8,7,6,0,1,0,6,6,9,high,49,6,False,True,slow,evening,False
889,5,4,2,6,0,2,6,7,2,low,8,10,False,False,slow,afternoon,False
890,1,8,2,1,4,6,5,4,1,medium,35,5,True,False,slow,morning,False
891,1,4,10,7,5,1,6,5,6,medium,29,6,False,False,slow,any,True
892,9,5,2,3,5,7,2,6,10,free,0,10,False,False,normal,morning,False
893,6,7,6,6,9,8,2,4,6,medium,16,3,True,False,slow,any,False
894,2,6,10,0,9,0,3,2,5,low,5,6,False,False,normal,sunset,False
895,7,9,6,2,2,7,1,4,1,medium,17,4,True,False,slow,evening,False
896,4,6,5,4,2,4,5,2,7,high,40,2,False,False,normal,any,True
897,4,7,0,3,0,3,6,2,3,medium,23,4,False,False,slow,any,True
898,8,8,1,8,3,0,5,4,2,medium,21,6,False,True,fast,evening,True
899,3,10,4,2,9,8,4,6,0,medium,23,8,False,True,fast,afternoon,False
900,5,4,7,5,1,1,7,1,8,medium,17,8,False,False,normal,any,True
901,6,7,3,0,2,1,3,1,1,medium,18,5,False,False,normal,evening,False
902,1,3,9,1,6,5,6,5,1,medium,23,6,True,True,normal,any,False
903,4,2,1,3,0,2,1,9,2,low,5,9,False,False,normal,any,False
904,6,3,3,9,8,3,1,3,1,free,0,10,False,True,slow,afternoon,False
905,5,2,4,2,7,2,6,5,4,medium,27,3,True,False,fast,sunset,False
906,6,4,4,6,4,1,5,3,7,low,5,8,False,False,normal,any,False
907,5,9,5,6,3,2,5,6,2,medium,35,6,False,False,normal,morning,False
908,0,6,9,9,3,6,1,4,9,medium,28,7,True,True,normal,any,False
909,3,3,4,7,0,5,4,3,5,low,8,7,False,True,fast,afternoon,True
910,0,2,1,7,0,6,2,8,0,medium,23,7,True,False,normal,night,False
911,2,0,0,4,4,1,9,0,3,medium,26,6,False,True,normal,night,False
912,6,8,1,7,8,1,6,1,1,low,12,6,False,True,fast,any,False
913,5,6,6,2,6,10,1,5,0,medium,20,6,False,True,fast,any,False
914,6,8,1,0,1,3,0,3,8,medium,20,5,False,False,slow,afternoon,False
915,6,8,3,3,1,10,2,9,2,medium,15,4,False,False,normal,night,False
916,0,1,7,4,3,3,5,4,5,medium,19,3,False,False,fast,any,False
917,4,7,2,4,4,0,2,9,9,medium,20,3,False,False,fast,sunset,True
918,3,7,10,5,7,5,6,2,3,low,9,8,True,False,slow,evening,False
919,8,7,7,5,1,3,6,0,3,medium,32,8,False,False,normal,afternoon,False
920,5,0,6,4,5,9,9,2,1,free,0,10,False,False,normal,afternoon,False
921,6,6,9,4,4,6,0,2,3,medium,31,6,False,True,fast,evening,False
922,0,2,5,4,2,8,3,3,7,low,7,8,False,False,normal,any,False
923,5,0,4,5,0,5,10,0,3,low,11,10,False,False,normal,evening,True
924,0,7,9,6,0,0,6,3,9,medium,18,7,False,False,normal,evening,False
925,1,4,8,10,5,6,1,7,3,low,7,6,True,False,normal,evening,False
926,1,0,8,3,8,2,10,1,0,low,9,6,False,True,normal,night,False
927,6,2,6,2,6,7,1,3,6,low,15,8,False,False,normal,night,False
928,3,10,2,3,6,2,6,2,4,medium,31,7,False,True,fast,any,True
929,2,2,8,3,4,6,7,5,9,free,0,9,False,False,fast,evening,False
930,0,3,5,1,8,7,0,7,5,medium,31,6,False,False,normal,afternoon,True
931,1,8,3,9,1,0,3,7,5,free,0,10,False,False,slow,night,True
932,8,1,6,0,6,0,7,9,6,medium,32,4,False,False,fast,evening,False
933,2,6,4,0,10,7,4,8,3,low,10,7,False,True,normal,sunset,False
934,2,8,1,3,10,2,6,0,8,medium,28,4,True,False,slow,afternoon,False
935,3,2,2,9,3,0,0,2,0,medium,24,4,False,False,normal,sunset,False
936,3,3,3,7,4,5,0,7,5,low,5,6,False,False,fast,sunset,False
937,10,8,5,3,0,2,5,1,0,high,62,2,False,False,slow,afternoon,True
938,6,10,3,6,4,8,4,8,4,medium,24,8,False,True,normal,afternoon,False
939,2,1,3,8,3,7,1,1,5,low,6,6,True,False,normal,any,False
940,2,9,4,1,0,10,9,4,6,low,14,10,False,False,slow,afternoon,False
941,9,1,4,6,9,4,3,8,1,low,6,8,True,False,normal,afternoon,False
942,1,0,8,6,6,6,6,1,2,medium,28,6,False,False,fast,afternoon,True
943,5,0,10,10,0,5,3,8,5,low,13,7,False,True,normal,afternoon,False
944,1,5,4,6,0,6,6,2,7,high,87,5,True,True,normal,afternoon,False
945,6,2,8,3,9,0,10,4,3,low,15,6,False,True,normal,sunset,True
946,4,2,9,7,2,6,8,6,2,low,7,7,False,False,slow,any,False
947,3,6,8,0,0,5,6,4,3,medium,27,3,False,True,slow,morning,True
948,6,4,2,7,0,0,3,4,0,medium,23,3,False,False,slow,any,False
949,1,6,4,3,5,3,5,1,7,medium,22,8,False,True,normal,morning,False
950,10,1,5,3,6,6,3,5,1,medium,26,3,False,True,slow,evening,False
951,7,6,9,0,3,4,5,4,2,free,0,8,False,True,slow,night,False
952,3,0,10,7,3,0,1,6,8,medium,17,7,True,False,fast,morning,False
953,3,4,9,10,0,8,1,3,0,high,72,2,False,True,slow,sunset,False
954,2,4,0,6,0,3,9,2,0,low,8,8,False,False,normal,night,False
955,0,7,8,5,0,3,6,8,0,medium,23,7,False,False,normal,any,False
956,3,6,6,8,6,6,8,7,6,medium,32,8,False,False,normal,afternoon,False
957,10,3,5,0,3,3,7,10,6,high,65,3,False,False,slow,any,False
958,0,5,8,1,1,5,2,2,8,free,0,10,False,False,slow,afternoon,False
959,3,4,1,5,7,4,5,6,1,free,0,9,False,False,slow,night,False
960,4,4,4,9,7,1,1,7,6,low,5,10,False,True,slow,morning,False
961,1,2,4,2,7,7,2,2,10,medium,31,6,False,False,fast,evening,True
962,4,3,3,10,3,1,4,6,5,low,14,9,False,False,slow,any,False
963,3,4,1,6,4,4,3,10,8,medium,19,5,False,True,slow,any,False
964,10,5,1,5,5,6,1,2,7,medium,15,8,False,False,slow,morning,False
965,7,1,2,4,1,6,5,9,9,low,7,10,False,False,fast,morning,False
966,5,1,9,10,6,6,1,6,1,medium,33,3,False,True,fast,evening,False
967,2,10,1,4,1,10,4,8,6,medium,25,7,False,False,fast,sunset,False
968,5,3,2,2,0,5,3,4,9,high,76,0,False,False,slow,any,False
969,2,5,4,7,5,4,6,4,0,high,49,3,False,True,fast,sunset,False
970,6,0,0,6,9,1,3,2,0,low,12,6,False,False,fast,evening,False
971,3,5,6,4,0,1,10,3,6,low,5,10,False,False,normal,afternoon,True
972,9,1,3,3,4,4,0,5,4,medium,32,3,False,False,slow,any,False
973,4,4,6,6,2,3,1,1,9,medium,28,6,True,False,slow,afternoon,False
974,2,2,6,1,1,3,5,9,9,high,70,4,False,False,normal,morning,False
975,1,2,7,0,10,2,0,1,7,high,40,1,False,False,fast,afternoon,True
976,5,6,7,6,2,6,2,0,1,free,0,9,True,True,normal,afternoon,True
977,2,2,6,4,10,3,4,4,5,medium,30,8,False,True,normal,afternoon,False
978,5,0,8,2,6,4,8,2,2,low,6,10,False,False,normal,sunset,True
979,6,0,1,8,4,1,6,5,0,medium,34,3,True,False,slow,afternoon,False
980,5,4,10,9,0,4,1,6,3,medium,17,8,False,False,slow,morning,False
981,1,3,1,7,9,8,4,0,4,medium,29,6,False,False,normal,morning,False
982,0,5,3,1,0,3,5,8,1,medium,21,7,False,False,slow,night,False
983,4,4,8,5,3,1,0,5,3,medium,33,3,False,True,normal,any,True
984,4,6,4,8,2,9,9,3,0,medium,35,6,False,False,fast,sunset,False
985,2,6,2,4,6,10,4,5,5,low,12,10,False,False,normal,any,True
986,0,2,8,5,4,3,6,4,3,medium,21,6,False,False,fast,night,False
987,0,7,8,9,3,5,6,5,6,free,0,8,True,True,slow,morning,False
988,5,1,9,5,4,2,1,8,10,high,40,1,True,False,fast,morning,True
989,0,9,6,8,1,7,0,6,1,medium,20,8,False,False,normal,any,True
990,0,4,6,8,0,4,3,3,7,low,14,9,True,False,fast,any,True
991,1,8,0,6,5,5,3,3,3,medium,19,3,True,False,normal,any,False
992,1,0,7,4,5,0,3,1,5,low,13,9,False,True,normal,evening,True
993,2,1,4,7,5,1,10,5,9,medium,18,4,False,True,fast,any,False
994,6,0,9,1,1,4,9,10,1,free,0,10,False,False,normal,morning,False
995,9,1,6,10,6,7,6,0,1,high,50,1,False,False,normal,any,False
996,6,0,9,7,5,6,1,0,1,high,41,3,True,False,normal,afternoon,False
997,10,5,5,0,3,3,6,4,0,medium,19,4,False,False,slow,any,False
998,8,5,5,6,2,0,1,0,0,free,0,9,False,False,slow,morning,False
999,3,9,2,2,3,8,1,2,3,medium,19,5,False,True,fast,any,True
1000,7,10,4,1,0,3,3,2,7,medium,28,7,True,True,fast,evening,False
